ncf_id,month_end,ncf_amount
NCF_A001_PER202408,2024-08-31,-5000
NCF_A002_PER202408,2024-08-31,10000
NCF_A003_PER202408,2024-08-31,25000
NCF_A004_PER202408,2024-08-31,40000
NCF_A005_PER202408,2024-08-31,55000
NCF_A006_PER202408,2024-08-31,70000
NCF_A007_PER202408,2024-08-31,-20000
NCF_A008_PER202408,2024-08-31,-5000
NCF_A009_PER202408,2024-08-31,10000
NCF_A010_PER202408,2024-08-31,25000
NCF_A011_PER202408,2024-08-31,15000
NCF_A012_PER202408,2024-08-31,30000
NCF_A013_PER202408,2024-08-31,45000
NCF_A014_PER202408,2024-08-31,-45000
NCF_A015_PER202408,2024-08-31,-30000
NCF_A016_PER202408,2024-08-31,-15000
NCF_A017_PER202408,2024-08-31,0
NCF_A018_PER202408,2024-08-31,15000
NCF_A019_PER202408,2024-08-31,30000
NCF_A020_PER202408,2024-08-31,45000
NCF_A021_PER202408,2024-08-31,-45000
NCF_A022_PER202408,2024-08-31,-30000
NCF_A023_PER202408,2024-08-31,-15000
NCF_A024_PER202408,2024-08-31,0
NCF_A025_PER202408,2024-08-31,15000
NCF_A026_PER202408,2024-08-31,30000
NCF_A027_PER202408,2024-08-31,45000
NCF_A028_PER202408,2024-08-31,-45000
NCF_A029_PER202408,2024-08-31,-30000
NCF_A030_PER202408,2024-08-31,-15000
NCF_A031_PER202408,2024-08-31,0
NCF_A032_PER202408,2024-08-31,15000
NCF_A033_PER202408,2024-08-31,30000
NCF_A034_PER202408,2024-08-31,45000
NCF_A035_PER202408,2024-08-31,-45000
NCF_A036_PER202408,2024-08-31,-30000
NCF_A037_PER202408,2024-08-31,-15000
NCF_A038_PER202408,2024-08-31,0
NCF_A039_PER202408,2024-08-31,15000
NCF_A040_PER202408,2024-08-31,30000
NCF_A041_PER202408,2024-08-31,45000
NCF_A042_PER202408,2024-08-31,-45000
NCF_A043_PER202408,2024-08-31,-30000
NCF_A044_PER202408,2024-08-31,-15000
NCF_A045_PER202408,2024-08-31,0
NCF_A046_PER202408,2024-08-31,15000
NCF_A047_PER202408,2024-08-31,30000
NCF_A048_PER202408,2024-08-31,45000
NCF_A049_PER202408,2024-08-31,-45000
NCF_A050_PER202408,2024-08-31,-30000
NCF_A051_PER202408,2024-08-31,-27000
NCF_A052_PER202408,2024-08-31,-12000
NCF_A053_PER202408,2024-08-31,3000
NCF_A054_PER202408,2024-08-31,18000
NCF_A055_PER202408,2024-08-31,33000
NCF_A056_PER202408,2024-08-31,-57000
NCF_A057_PER202408,2024-08-31,-42000
NCF_A058_PER202408,2024-08-31,-27000
NCF_A059_PER202408,2024-08-31,-12000
NCF_A060_PER202408,2024-08-31,3000
NCF_A001_PER202409,2024-09-30,-3200
NCF_A002_PER202409,2024-09-30,11800
NCF_A003_PER202409,2024-09-30,26800
NCF_A004_PER202409,2024-09-30,41800
NCF_A005_PER202409,2024-09-30,56800
NCF_A006_PER202409,2024-09-30,71800
NCF_A007_PER202409,2024-09-30,-18200
NCF_A008_PER202409,2024-09-30,-3200
NCF_A009_PER202409,2024-09-30,11800
NCF_A010_PER202409,2024-09-30,26800
NCF_A011_PER202409,2024-09-30,16800
NCF_A012_PER202409,2024-09-30,31800
NCF_A013_PER202409,2024-09-30,46800
NCF_A014_PER202409,2024-09-30,-43200
NCF_A015_PER202409,2024-09-30,-28200
NCF_A016_PER202409,2024-09-30,-13200
NCF_A017_PER202409,2024-09-30,1800
NCF_A018_PER202409,2024-09-30,16800
NCF_A019_PER202409,2024-09-30,31800
NCF_A020_PER202409,2024-09-30,46800
NCF_A021_PER202409,2024-09-30,-43200
NCF_A022_PER202409,2024-09-30,-28200
NCF_A023_PER202409,2024-09-30,-13200
NCF_A024_PER202409,2024-09-30,1800
NCF_A025_PER202409,2024-09-30,16800
NCF_A026_PER202409,2024-09-30,31800
NCF_A027_PER202409,2024-09-30,46800
NCF_A028_PER202409,2024-09-30,-43200
NCF_A029_PER202409,2024-09-30,-28200
NCF_A030_PER202409,2024-09-30,-13200
NCF_A031_PER202409,2024-09-30,1800
NCF_A032_PER202409,2024-09-30,16800
NCF_A033_PER202409,2024-09-30,31800
NCF_A034_PER202409,2024-09-30,46800
NCF_A035_PER202409,2024-09-30,-43200
NCF_A036_PER202409,2024-09-30,-28200
NCF_A037_PER202409,2024-09-30,-13200
NCF_A038_PER202409,2024-09-30,1800
NCF_A039_PER202409,2024-09-30,16800
NCF_A040_PER202409,2024-09-30,31800
NCF_A041_PER202409,2024-09-30,46800
NCF_A042_PER202409,2024-09-30,-43200
NCF_A043_PER202409,2024-09-30,-28200
NCF_A044_PER202409,2024-09-30,-13200
NCF_A045_PER202409,2024-09-30,1800
NCF_A046_PER202409,2024-09-30,16800
NCF_A047_PER202409,2024-09-30,31800
NCF_A048_PER202409,2024-09-30,46800
NCF_A049_PER202409,2024-09-30,-43200
NCF_A050_PER202409,2024-09-30,-28200
NCF_A051_PER202409,2024-09-30,-25200
NCF_A052_PER202409,2024-09-30,-10200
NCF_A053_PER202409,2024-09-30,4800
NCF_A054_PER202409,2024-09-30,19800
NCF_A055_PER202409,2024-09-30,34800
NCF_A056_PER202409,2024-09-30,-55200
NCF_A057_PER202409,2024-09-30,-40200
NCF_A058_PER202409,2024-09-30,-25200
NCF_A059_PER202409,2024-09-30,-10200
NCF_A060_PER202409,2024-09-30,4800
NCF_A001_PER202410,2024-10-31,-1400
NCF_A002_PER202410,2024-10-31,13600
NCF_A003_PER202410,2024-10-31,28600
NCF_A004_PER202410,2024-10-31,43600
NCF_A005_PER202410,2024-10-31,58600
NCF_A006_PER202410,2024-10-31,73600
NCF_A007_PER202410,2024-10-31,-16400
NCF_A008_PER202410,2024-10-31,-1400
NCF_A009_PER202410,2024-10-31,13600
NCF_A010_PER202410,2024-10-31,28600
NCF_A011_PER202410,2024-10-31,18600
NCF_A012_PER202410,2024-10-31,33600
NCF_A013_PER202410,2024-10-31,48600
NCF_A014_PER202410,2024-10-31,-41400
NCF_A015_PER202410,2024-10-31,-26400
NCF_A016_PER202410,2024-10-31,-11400
NCF_A017_PER202410,2024-10-31,3600
NCF_A018_PER202410,2024-10-31,18600
NCF_A019_PER202410,2024-10-31,33600
NCF_A020_PER202410,2024-10-31,48600
NCF_A021_PER202410,2024-10-31,-41400
NCF_A022_PER202410,2024-10-31,-26400
NCF_A023_PER202410,2024-10-31,-11400
NCF_A024_PER202410,2024-10-31,3600
NCF_A025_PER202410,2024-10-31,18600
NCF_A026_PER202410,2024-10-31,33600
NCF_A027_PER202410,2024-10-31,48600
NCF_A028_PER202410,2024-10-31,-41400
NCF_A029_PER202410,2024-10-31,-26400
NCF_A030_PER202410,2024-10-31,-11400
NCF_A031_PER202410,2024-10-31,3600
NCF_A032_PER202410,2024-10-31,18600
NCF_A033_PER202410,2024-10-31,33600
NCF_A034_PER202410,2024-10-31,48600
NCF_A035_PER202410,2024-10-31,-41400
NCF_A036_PER202410,2024-10-31,-26400
NCF_A037_PER202410,2024-10-31,-11400
NCF_A038_PER202410,2024-10-31,3600
NCF_A039_PER202410,2024-10-31,18600
NCF_A040_PER202410,2024-10-31,33600
NCF_A041_PER202410,2024-10-31,48600
NCF_A042_PER202410,2024-10-31,-41400
NCF_A043_PER202410,2024-10-31,-26400
NCF_A044_PER202410,2024-10-31,-11400
NCF_A045_PER202410,2024-10-31,3600
NCF_A046_PER202410,2024-10-31,18600
NCF_A047_PER202410,2024-10-31,33600
NCF_A048_PER202410,2024-10-31,48600
NCF_A049_PER202410,2024-10-31,-41400
NCF_A050_PER202410,2024-10-31,-26400
NCF_A051_PER202410,2024-10-31,-23400
NCF_A052_PER202410,2024-10-31,-8400
NCF_A053_PER202410,2024-10-31,6600
NCF_A054_PER202410,2024-10-31,21600
NCF_A055_PER202410,2024-10-31,36600
NCF_A056_PER202410,2024-10-31,-53400
NCF_A057_PER202410,2024-10-31,-38400
NCF_A058_PER202410,2024-10-31,-23400
NCF_A059_PER202410,2024-10-31,-8400
NCF_A060_PER202410,2024-10-31,6600
NCF_A001_PER202411,2024-11-30,400
NCF_A002_PER202411,2024-11-30,15400
NCF_A003_PER202411,2024-11-30,30400
NCF_A004_PER202411,2024-11-30,45400
NCF_A005_PER202411,2024-11-30,60400
NCF_A006_PER202411,2024-11-30,75400
NCF_A007_PER202411,2024-11-30,-14600
NCF_A008_PER202411,2024-11-30,400
NCF_A009_PER202411,2024-11-30,15400
NCF_A010_PER202411,2024-11-30,30400
NCF_A011_PER202411,2024-11-30,20400
NCF_A012_PER202411,2024-11-30,35400
NCF_A013_PER202411,2024-11-30,50400
NCF_A014_PER202411,2024-11-30,-39600
NCF_A015_PER202411,2024-11-30,-24600
NCF_A016_PER202411,2024-11-30,-9600
NCF_A017_PER202411,2024-11-30,5400
NCF_A018_PER202411,2024-11-30,20400
NCF_A019_PER202411,2024-11-30,35400
NCF_A020_PER202411,2024-11-30,50400
NCF_A021_PER202411,2024-11-30,-39600
NCF_A022_PER202411,2024-11-30,-24600
NCF_A023_PER202411,2024-11-30,-9600
NCF_A024_PER202411,2024-11-30,5400
NCF_A025_PER202411,2024-11-30,20400
NCF_A026_PER202411,2024-11-30,35400
NCF_A027_PER202411,2024-11-30,50400
NCF_A028_PER202411,2024-11-30,-39600
NCF_A029_PER202411,2024-11-30,-24600
NCF_A030_PER202411,2024-11-30,-9600
NCF_A031_PER202411,2024-11-30,5400
NCF_A032_PER202411,2024-11-30,20400
NCF_A033_PER202411,2024-11-30,35400
NCF_A034_PER202411,2024-11-30,50400
NCF_A035_PER202411,2024-11-30,-39600
NCF_A036_PER202411,2024-11-30,-24600
NCF_A037_PER202411,2024-11-30,-9600
NCF_A038_PER202411,2024-11-30,5400
NCF_A039_PER202411,2024-11-30,20400
NCF_A040_PER202411,2024-11-30,35400
NCF_A041_PER202411,2024-11-30,50400
NCF_A042_PER202411,2024-11-30,-39600
NCF_A043_PER202411,2024-11-30,-24600
NCF_A044_PER202411,2024-11-30,-9600
NCF_A045_PER202411,2024-11-30,5400
NCF_A046_PER202411,2024-11-30,20400
NCF_A047_PER202411,2024-11-30,35400
NCF_A048_PER202411,2024-11-30,50400
NCF_A049_PER202411,2024-11-30,-39600
NCF_A050_PER202411,2024-11-30,-24600
NCF_A051_PER202411,2024-11-30,-21600
NCF_A052_PER202411,2024-11-30,-6600
NCF_A053_PER202411,2024-11-30,8400
NCF_A054_PER202411,2024-11-30,23400
NCF_A055_PER202411,2024-11-30,38400
NCF_A056_PER202411,2024-11-30,-51600
NCF_A057_PER202411,2024-11-30,-36600
NCF_A058_PER202411,2024-11-30,-21600
NCF_A059_PER202411,2024-11-30,-6600
NCF_A060_PER202411,2024-11-30,8400
NCF_A001_PER202412,2024-12-31,2200
NCF_A002_PER202412,2024-12-31,17200
NCF_A003_PER202412,2024-12-31,32200
NCF_A004_PER202412,2024-12-31,47200
NCF_A005_PER202412,2024-12-31,62200
NCF_A006_PER202412,2024-12-31,77200
NCF_A007_PER202412,2024-12-31,-12800
NCF_A008_PER202412,2024-12-31,2200
NCF_A009_PER202412,2024-12-31,17200
NCF_A010_PER202412,2024-12-31,32200
NCF_A011_PER202412,2024-12-31,22200
NCF_A012_PER202412,2024-12-31,37200
NCF_A013_PER202412,2024-12-31,52200
NCF_A014_PER202412,2024-12-31,-37800
NCF_A015_PER202412,2024-12-31,-22800
NCF_A016_PER202412,2024-12-31,-7800
NCF_A017_PER202412,2024-12-31,7200
NCF_A018_PER202412,2024-12-31,22200
NCF_A019_PER202412,2024-12-31,37200
NCF_A020_PER202412,2024-12-31,52200
NCF_A021_PER202412,2024-12-31,-37800
NCF_A022_PER202412,2024-12-31,-22800
NCF_A023_PER202412,2024-12-31,-7800
NCF_A024_PER202412,2024-12-31,7200
NCF_A025_PER202412,2024-12-31,22200
NCF_A026_PER202412,2024-12-31,37200
NCF_A027_PER202412,2024-12-31,52200
NCF_A028_PER202412,2024-12-31,-37800
NCF_A029_PER202412,2024-12-31,-22800
NCF_A030_PER202412,2024-12-31,-7800
NCF_A031_PER202412,2024-12-31,7200
NCF_A032_PER202412,2024-12-31,22200
NCF_A033_PER202412,2024-12-31,37200
NCF_A034_PER202412,2024-12-31,52200
NCF_A035_PER202412,2024-12-31,-37800
NCF_A036_PER202412,2024-12-31,-22800
NCF_A037_PER202412,2024-12-31,-7800
NCF_A038_PER202412,2024-12-31,7200
NCF_A039_PER202412,2024-12-31,22200
NCF_A040_PER202412,2024-12-31,37200
NCF_A041_PER202412,2024-12-31,52200
NCF_A042_PER202412,2024-12-31,-37800
NCF_A043_PER202412,2024-12-31,-22800
NCF_A044_PER202412,2024-12-31,-7800
NCF_A045_PER202412,2024-12-31,7200
NCF_A046_PER202412,2024-12-31,22200
NCF_A047_PER202412,2024-12-31,37200
NCF_A048_PER202412,2024-12-31,52200
NCF_A049_PER202412,2024-12-31,-37800
NCF_A050_PER202412,2024-12-31,-22800
NCF_A051_PER202412,2024-12-31,-19800
NCF_A052_PER202412,2024-12-31,-4800
NCF_A053_PER202412,2024-12-31,10200
NCF_A054_PER202412,2024-12-31,25200
NCF_A055_PER202412,2024-12-31,40200
NCF_A056_PER202412,2024-12-31,-49800
NCF_A057_PER202412,2024-12-31,-34800
NCF_A058_PER202412,2024-12-31,-19800
NCF_A059_PER202412,2024-12-31,-4800
NCF_A060_PER202412,2024-12-31,10200
NCF_A001_PER202501,2025-01-31,4000
NCF_A002_PER202501,2025-01-31,19000
NCF_A003_PER202501,2025-01-31,34000
NCF_A004_PER202501,2025-01-31,49000
NCF_A005_PER202501,2025-01-31,64000
NCF_A006_PER202501,2025-01-31,79000
NCF_A007_PER202501,2025-01-31,-11000
NCF_A008_PER202501,2025-01-31,4000
NCF_A009_PER202501,2025-01-31,19000
NCF_A010_PER202501,2025-01-31,34000
NCF_A011_PER202501,2025-01-31,24000
NCF_A012_PER202501,2025-01-31,39000
NCF_A013_PER202501,2025-01-31,54000
NCF_A014_PER202501,2025-01-31,-36000
NCF_A015_PER202501,2025-01-31,-21000
NCF_A016_PER202501,2025-01-31,-6000
NCF_A017_PER202501,2025-01-31,9000
NCF_A018_PER202501,2025-01-31,24000
NCF_A019_PER202501,2025-01-31,39000
NCF_A020_PER202501,2025-01-31,54000
NCF_A021_PER202501,2025-01-31,-36000
NCF_A022_PER202501,2025-01-31,-21000
NCF_A023_PER202501,2025-01-31,-6000
NCF_A024_PER202501,2025-01-31,9000
NCF_A025_PER202501,2025-01-31,24000
NCF_A026_PER202501,2025-01-31,39000
NCF_A027_PER202501,2025-01-31,54000
NCF_A028_PER202501,2025-01-31,-36000
NCF_A029_PER202501,2025-01-31,-21000
NCF_A030_PER202501,2025-01-31,-6000
NCF_A031_PER202501,2025-01-31,9000
NCF_A032_PER202501,2025-01-31,24000
NCF_A033_PER202501,2025-01-31,39000
NCF_A034_PER202501,2025-01-31,54000
NCF_A035_PER202501,2025-01-31,-36000
NCF_A036_PER202501,2025-01-31,-21000
NCF_A037_PER202501,2025-01-31,-6000
NCF_A038_PER202501,2025-01-31,9000
NCF_A039_PER202501,2025-01-31,24000
NCF_A040_PER202501,2025-01-31,39000
NCF_A041_PER202501,2025-01-31,54000
NCF_A042_PER202501,2025-01-31,-36000
NCF_A043_PER202501,2025-01-31,-21000
NCF_A044_PER202501,2025-01-31,-6000
NCF_A045_PER202501,2025-01-31,9000
NCF_A046_PER202501,2025-01-31,24000
NCF_A047_PER202501,2025-01-31,39000
NCF_A048_PER202501,2025-01-31,54000
NCF_A049_PER202501,2025-01-31,-36000
NCF_A050_PER202501,2025-01-31,-21000
NCF_A051_PER202501,2025-01-31,-18000
NCF_A052_PER202501,2025-01-31,-3000
NCF_A053_PER202501,2025-01-31,12000
NCF_A054_PER202501,2025-01-31,27000
NCF_A055_PER202501,2025-01-31,42000
NCF_A056_PER202501,2025-01-31,-48000
NCF_A057_PER202501,2025-01-31,-33000
NCF_A058_PER202501,2025-01-31,-18000
NCF_A059_PER202501,2025-01-31,-3000
NCF_A060_PER202501,2025-01-31,12000
NCF_A001_PER202502,2025-02-28,5800
NCF_A002_PER202502,2025-02-28,20800
NCF_A003_PER202502,2025-02-28,35800
NCF_A004_PER202502,2025-02-28,50800
NCF_A005_PER202502,2025-02-28,65800
NCF_A006_PER202502,2025-02-28,80800
NCF_A007_PER202502,2025-02-28,-9200
NCF_A008_PER202502,2025-02-28,5800
NCF_A009_PER202502,2025-02-28,20800
NCF_A010_PER202502,2025-02-28,35800
NCF_A011_PER202502,2025-02-28,25800
NCF_A012_PER202502,2025-02-28,40800
NCF_A013_PER202502,2025-02-28,55800
NCF_A014_PER202502,2025-02-28,-34200
NCF_A015_PER202502,2025-02-28,-19200
NCF_A016_PER202502,2025-02-28,-4200
NCF_A017_PER202502,2025-02-28,10800
NCF_A018_PER202502,2025-02-28,25800
NCF_A019_PER202502,2025-02-28,40800
NCF_A020_PER202502,2025-02-28,55800
NCF_A021_PER202502,2025-02-28,-34200
NCF_A022_PER202502,2025-02-28,-19200
NCF_A023_PER202502,2025-02-28,-4200
NCF_A024_PER202502,2025-02-28,10800
NCF_A025_PER202502,2025-02-28,25800
NCF_A026_PER202502,2025-02-28,40800
NCF_A027_PER202502,2025-02-28,55800
NCF_A028_PER202502,2025-02-28,-34200
NCF_A029_PER202502,2025-02-28,-19200
NCF_A030_PER202502,2025-02-28,-4200
NCF_A031_PER202502,2025-02-28,10800
NCF_A032_PER202502,2025-02-28,25800
NCF_A033_PER202502,2025-02-28,40800
NCF_A034_PER202502,2025-02-28,55800
NCF_A035_PER202502,2025-02-28,-34200
NCF_A036_PER202502,2025-02-28,-19200
NCF_A037_PER202502,2025-02-28,-4200
NCF_A038_PER202502,2025-02-28,10800
NCF_A039_PER202502,2025-02-28,25800
NCF_A040_PER202502,2025-02-28,40800
NCF_A041_PER202502,2025-02-28,55800
NCF_A042_PER202502,2025-02-28,-34200
NCF_A043_PER202502,2025-02-28,-19200
NCF_A044_PER202502,2025-02-28,-4200
NCF_A045_PER202502,2025-02-28,10800
NCF_A046_PER202502,2025-02-28,25800
NCF_A047_PER202502,2025-02-28,40800
NCF_A048_PER202502,2025-02-28,55800
NCF_A049_PER202502,2025-02-28,-34200
NCF_A050_PER202502,2025-02-28,-19200
NCF_A051_PER202502,2025-02-28,-16200
NCF_A052_PER202502,2025-02-28,-1200
NCF_A053_PER202502,2025-02-28,13800
NCF_A054_PER202502,2025-02-28,28800
NCF_A055_PER202502,2025-02-28,43800
NCF_A056_PER202502,2025-02-28,-46200
NCF_A057_PER202502,2025-02-28,-31200
NCF_A058_PER202502,2025-02-28,-16200
NCF_A059_PER202502,2025-02-28,-1200
NCF_A060_PER202502,2025-02-28,13800
NCF_A001_PER202503,2025-03-31,7600
NCF_A002_PER202503,2025-03-31,22600
NCF_A003_PER202503,2025-03-31,37600
NCF_A004_PER202503,2025-03-31,52600
NCF_A005_PER202503,2025-03-31,67600
NCF_A006_PER202503,2025-03-31,82600
NCF_A007_PER202503,2025-03-31,-7400
NCF_A008_PER202503,2025-03-31,7600
NCF_A009_PER202503,2025-03-31,22600
NCF_A010_PER202503,2025-03-31,37600
NCF_A011_PER202503,2025-03-31,27600
NCF_A012_PER202503,2025-03-31,42600
NCF_A013_PER202503,2025-03-31,57600
NCF_A014_PER202503,2025-03-31,-32400
NCF_A015_PER202503,2025-03-31,-17400
NCF_A016_PER202503,2025-03-31,-2400
NCF_A017_PER202503,2025-03-31,12600
NCF_A018_PER202503,2025-03-31,27600
NCF_A019_PER202503,2025-03-31,42600
NCF_A020_PER202503,2025-03-31,57600
NCF_A021_PER202503,2025-03-31,-32400
NCF_A022_PER202503,2025-03-31,-17400
NCF_A023_PER202503,2025-03-31,-2400
NCF_A024_PER202503,2025-03-31,12600
NCF_A025_PER202503,2025-03-31,27600
NCF_A026_PER202503,2025-03-31,42600
NCF_A027_PER202503,2025-03-31,57600
NCF_A028_PER202503,2025-03-31,-32400
NCF_A029_PER202503,2025-03-31,-17400
NCF_A030_PER202503,2025-03-31,-2400
NCF_A031_PER202503,2025-03-31,12600
NCF_A032_PER202503,2025-03-31,27600
NCF_A033_PER202503,2025-03-31,42600
NCF_A034_PER202503,2025-03-31,57600
NCF_A035_PER202503,2025-03-31,-32400
NCF_A036_PER202503,2025-03-31,-17400
NCF_A037_PER202503,2025-03-31,-2400
NCF_A038_PER202503,2025-03-31,12600
NCF_A039_PER202503,2025-03-31,27600
NCF_A040_PER202503,2025-03-31,42600
NCF_A041_PER202503,2025-03-31,57600
NCF_A042_PER202503,2025-03-31,-32400
NCF_A043_PER202503,2025-03-31,-17400
NCF_A044_PER202503,2025-03-31,-2400
NCF_A045_PER202503,2025-03-31,12600
NCF_A046_PER202503,2025-03-31,27600
NCF_A047_PER202503,2025-03-31,42600
NCF_A048_PER202503,2025-03-31,57600
NCF_A049_PER202503,2025-03-31,-32400
NCF_A050_PER202503,2025-03-31,-17400
NCF_A051_PER202503,2025-03-31,-14400
NCF_A052_PER202503,2025-03-31,600
NCF_A053_PER202503,2025-03-31,15600
NCF_A054_PER202503,2025-03-31,30600
NCF_A055_PER202503,2025-03-31,45600
NCF_A056_PER202503,2025-03-31,-44400
NCF_A057_PER202503,2025-03-31,-29400
NCF_A058_PER202503,2025-03-31,-14400
NCF_A059_PER202503,2025-03-31,600
NCF_A060_PER202503,2025-03-31,15600
NCF_A001_PER202504,2025-04-30,9400
NCF_A002_PER202504,2025-04-30,24400
NCF_A003_PER202504,2025-04-30,39400
NCF_A004_PER202504,2025-04-30,54400
NCF_A005_PER202504,2025-04-30,69400
NCF_A006_PER202504,2025-04-30,84400
NCF_A007_PER202504,2025-04-30,-5600
NCF_A008_PER202504,2025-04-30,9400
NCF_A009_PER202504,2025-04-30,24400
NCF_A010_PER202504,2025-04-30,39400
NCF_A011_PER202504,2025-04-30,29400
NCF_A012_PER202504,2025-04-30,44400
NCF_A013_PER202504,2025-04-30,59400
NCF_A014_PER202504,2025-04-30,-30600
NCF_A015_PER202504,2025-04-30,-15600
NCF_A016_PER202504,2025-04-30,-600
NCF_A017_PER202504,2025-04-30,14400
NCF_A018_PER202504,2025-04-30,29400
NCF_A019_PER202504,2025-04-30,44400
NCF_A020_PER202504,2025-04-30,59400
NCF_A021_PER202504,2025-04-30,-30600
NCF_A022_PER202504,2025-04-30,-15600
NCF_A023_PER202504,2025-04-30,-600
NCF_A024_PER202504,2025-04-30,14400
NCF_A025_PER202504,2025-04-30,29400
NCF_A026_PER202504,2025-04-30,44400
NCF_A027_PER202504,2025-04-30,59400
NCF_A028_PER202504,2025-04-30,-30600
NCF_A029_PER202504,2025-04-30,-15600
NCF_A030_PER202504,2025-04-30,-600
NCF_A031_PER202504,2025-04-30,14400
NCF_A032_PER202504,2025-04-30,29400
NCF_A033_PER202504,2025-04-30,44400
NCF_A034_PER202504,2025-04-30,59400
NCF_A035_PER202504,2025-04-30,-30600
NCF_A036_PER202504,2025-04-30,-15600
NCF_A037_PER202504,2025-04-30,-600
NCF_A038_PER202504,2025-04-30,14400
NCF_A039_PER202504,2025-04-30,29400
NCF_A040_PER202504,2025-04-30,44400
NCF_A041_PER202504,2025-04-30,59400
NCF_A042_PER202504,2025-04-30,-30600
NCF_A043_PER202504,2025-04-30,-15600
NCF_A044_PER202504,2025-04-30,-600
NCF_A045_PER202504,2025-04-30,14400
NCF_A046_PER202504,2025-04-30,29400
NCF_A047_PER202504,2025-04-30,44400
NCF_A048_PER202504,2025-04-30,59400
NCF_A049_PER202504,2025-04-30,-30600
NCF_A050_PER202504,2025-04-30,-15600
NCF_A051_PER202504,2025-04-30,-12600
NCF_A052_PER202504,2025-04-30,2400
NCF_A053_PER202504,2025-04-30,17400
NCF_A054_PER202504,2025-04-30,32400
NCF_A055_PER202504,2025-04-30,47400
NCF_A056_PER202504,2025-04-30,-42600
NCF_A057_PER202504,2025-04-30,-27600
NCF_A058_PER202504,2025-04-30,-12600
NCF_A059_PER202504,2025-04-30,2400
NCF_A060_PER202504,2025-04-30,17400
NCF_A001_PER202505,2025-05-31,11200
NCF_A002_PER202505,2025-05-31,26200
NCF_A003_PER202505,2025-05-31,41200
NCF_A004_PER202505,2025-05-31,56200
NCF_A005_PER202505,2025-05-31,71200
NCF_A006_PER202505,2025-05-31,86200
NCF_A007_PER202505,2025-05-31,-3800
NCF_A008_PER202505,2025-05-31,11200
NCF_A009_PER202505,2025-05-31,26200
NCF_A010_PER202505,2025-05-31,41200
NCF_A011_PER202505,2025-05-31,31200
NCF_A012_PER202505,2025-05-31,46200
NCF_A013_PER202505,2025-05-31,61200
NCF_A014_PER202505,2025-05-31,-28800
NCF_A015_PER202505,2025-05-31,-13800
NCF_A016_PER202505,2025-05-31,1200
NCF_A017_PER202505,2025-05-31,16200
NCF_A018_PER202505,2025-05-31,31200
NCF_A019_PER202505,2025-05-31,46200
NCF_A020_PER202505,2025-05-31,61200
NCF_A021_PER202505,2025-05-31,-28800
NCF_A022_PER202505,2025-05-31,-13800
NCF_A023_PER202505,2025-05-31,1200
NCF_A024_PER202505,2025-05-31,16200
NCF_A025_PER202505,2025-05-31,31200
NCF_A026_PER202505,2025-05-31,46200
NCF_A027_PER202505,2025-05-31,61200
NCF_A028_PER202505,2025-05-31,-28800
NCF_A029_PER202505,2025-05-31,-13800
NCF_A030_PER202505,2025-05-31,1200
NCF_A031_PER202505,2025-05-31,16200
NCF_A032_PER202505,2025-05-31,31200
NCF_A033_PER202505,2025-05-31,46200
NCF_A034_PER202505,2025-05-31,61200
NCF_A035_PER202505,2025-05-31,-28800
NCF_A036_PER202505,2025-05-31,-13800
NCF_A037_PER202505,2025-05-31,1200
NCF_A038_PER202505,2025-05-31,16200
NCF_A039_PER202505,2025-05-31,31200
NCF_A040_PER202505,2025-05-31,46200
NCF_A041_PER202505,2025-05-31,61200
NCF_A042_PER202505,2025-05-31,-28800
NCF_A043_PER202505,2025-05-31,-13800
NCF_A044_PER202505,2025-05-31,1200
NCF_A045_PER202505,2025-05-31,16200
NCF_A046_PER202505,2025-05-31,31200
NCF_A047_PER202505,2025-05-31,46200
NCF_A048_PER202505,2025-05-31,61200
NCF_A049_PER202505,2025-05-31,-28800
NCF_A050_PER202505,2025-05-31,-13800
NCF_A051_PER202505,2025-05-31,-10800
NCF_A052_PER202505,2025-05-31,4200
NCF_A053_PER202505,2025-05-31,19200
NCF_A054_PER202505,2025-05-31,34200
NCF_A055_PER202505,2025-05-31,49200
NCF_A056_PER202505,2025-05-31,-40800
NCF_A057_PER202505,2025-05-31,-25800
NCF_A058_PER202505,2025-05-31,-10800
NCF_A059_PER202505,2025-05-31,4200
NCF_A060_PER202505,2025-05-31,19200
NCF_A001_PER202506,2025-06-30,13000
NCF_A002_PER202506,2025-06-30,28000
NCF_A003_PER202506,2025-06-30,43000
NCF_A004_PER202506,2025-06-30,58000
NCF_A005_PER202506,2025-06-30,73000
NCF_A006_PER202506,2025-06-30,88000
NCF_A007_PER202506,2025-06-30,-2000
NCF_A008_PER202506,2025-06-30,13000
NCF_A009_PER202506,2025-06-30,28000
NCF_A010_PER202506,2025-06-30,43000
NCF_A011_PER202506,2025-06-30,33000
NCF_A012_PER202506,2025-06-30,48000
NCF_A013_PER202506,2025-06-30,63000
NCF_A014_PER202506,2025-06-30,-27000
NCF_A015_PER202506,2025-06-30,-12000
NCF_A016_PER202506,2025-06-30,3000
NCF_A017_PER202506,2025-06-30,18000
NCF_A018_PER202506,2025-06-30,33000
NCF_A019_PER202506,2025-06-30,48000
NCF_A020_PER202506,2025-06-30,63000
NCF_A021_PER202506,2025-06-30,-27000
NCF_A022_PER202506,2025-06-30,-12000
NCF_A023_PER202506,2025-06-30,3000
NCF_A024_PER202506,2025-06-30,18000
NCF_A025_PER202506,2025-06-30,33000
NCF_A026_PER202506,2025-06-30,48000
NCF_A027_PER202506,2025-06-30,63000
NCF_A028_PER202506,2025-06-30,-27000
NCF_A029_PER202506,2025-06-30,-12000
NCF_A030_PER202506,2025-06-30,3000
NCF_A031_PER202506,2025-06-30,18000
NCF_A032_PER202506,2025-06-30,33000
NCF_A033_PER202506,2025-06-30,48000
NCF_A034_PER202506,2025-06-30,63000
NCF_A035_PER202506,2025-06-30,-27000
NCF_A036_PER202506,2025-06-30,-12000
NCF_A037_PER202506,2025-06-30,3000
NCF_A038_PER202506,2025-06-30,18000
NCF_A039_PER202506,2025-06-30,33000
NCF_A040_PER202506,2025-06-30,48000
NCF_A041_PER202506,2025-06-30,63000
NCF_A042_PER202506,2025-06-30,-27000
NCF_A043_PER202506,2025-06-30,-12000
NCF_A044_PER202506,2025-06-30,3000
NCF_A045_PER202506,2025-06-30,18000
NCF_A046_PER202506,2025-06-30,33000
NCF_A047_PER202506,2025-06-30,48000
NCF_A048_PER202506,2025-06-30,63000
NCF_A049_PER202506,2025-06-30,-27000
NCF_A050_PER202506,2025-06-30,-12000
NCF_A051_PER202506,2025-06-30,-9000
NCF_A052_PER202506,2025-06-30,6000
NCF_A053_PER202506,2025-06-30,21000
NCF_A054_PER202506,2025-06-30,36000
NCF_A055_PER202506,2025-06-30,51000
NCF_A056_PER202506,2025-06-30,-39000
NCF_A057_PER202506,2025-06-30,-24000
NCF_A058_PER202506,2025-06-30,-9000
NCF_A059_PER202506,2025-06-30,6000
NCF_A060_PER202506,2025-06-30,21000
NCF_A001_PER202507,2025-07-31,14800
NCF_A002_PER202507,2025-07-31,29800
NCF_A003_PER202507,2025-07-31,44800
NCF_A004_PER202507,2025-07-31,59800
NCF_A005_PER202507,2025-07-31,74800
NCF_A006_PER202507,2025-07-31,89800
NCF_A007_PER202507,2025-07-31,-200
NCF_A008_PER202507,2025-07-31,14800
NCF_A009_PER202507,2025-07-31,29800
NCF_A010_PER202507,2025-07-31,44800
NCF_A011_PER202507,2025-07-31,34800
NCF_A012_PER202507,2025-07-31,49800
NCF_A013_PER202507,2025-07-31,64800
NCF_A014_PER202507,2025-07-31,-25200
NCF_A015_PER202507,2025-07-31,-10200
NCF_A016_PER202507,2025-07-31,4800
NCF_A017_PER202507,2025-07-31,19800
NCF_A018_PER202507,2025-07-31,34800
NCF_A019_PER202507,2025-07-31,49800
NCF_A020_PER202507,2025-07-31,64800
NCF_A021_PER202507,2025-07-31,-25200
NCF_A022_PER202507,2025-07-31,-10200
NCF_A023_PER202507,2025-07-31,4800
NCF_A024_PER202507,2025-07-31,19800
NCF_A025_PER202507,2025-07-31,34800
NCF_A026_PER202507,2025-07-31,49800
NCF_A027_PER202507,2025-07-31,64800
NCF_A028_PER202507,2025-07-31,-25200
NCF_A029_PER202507,2025-07-31,-10200
NCF_A030_PER202507,2025-07-31,4800
NCF_A031_PER202507,2025-07-31,19800
NCF_A032_PER202507,2025-07-31,34800
NCF_A033_PER202507,2025-07-31,49800
NCF_A034_PER202507,2025-07-31,64800
NCF_A035_PER202507,2025-07-31,-25200
NCF_A036_PER202507,2025-07-31,-10200
NCF_A037_PER202507,2025-07-31,4800
NCF_A038_PER202507,2025-07-31,19800
NCF_A039_PER202507,2025-07-31,34800
NCF_A040_PER202507,2025-07-31,49800
NCF_A041_PER202507,2025-07-31,64800
NCF_A042_PER202507,2025-07-31,-25200
NCF_A043_PER202507,2025-07-31,-10200
NCF_A044_PER202507,2025-07-31,4800
NCF_A045_PER202507,2025-07-31,19800
NCF_A046_PER202507,2025-07-31,34800
NCF_A047_PER202507,2025-07-31,49800
NCF_A048_PER202507,2025-07-31,64800
NCF_A049_PER202507,2025-07-31,-25200
NCF_A050_PER202507,2025-07-31,-10200
NCF_A051_PER202507,2025-07-31,-7200
NCF_A052_PER202507,2025-07-31,7800
NCF_A053_PER202507,2025-07-31,22800
NCF_A054_PER202507,2025-07-31,37800
NCF_A055_PER202507,2025-07-31,52800
NCF_A056_PER202507,2025-07-31,-37200
NCF_A057_PER202507,2025-07-31,-22200
NCF_A058_PER202507,2025-07-31,-7200
NCF_A059_PER202507,2025-07-31,7800
NCF_A060_PER202507,2025-07-31,22800
NCF_A001_PER202508,2025-08-31,16600
NCF_A002_PER202508,2025-08-31,31600
NCF_A003_PER202508,2025-08-31,46600
NCF_A004_PER202508,2025-08-31,61600
NCF_A005_PER202508,2025-08-31,76600
NCF_A006_PER202508,2025-08-31,91600
NCF_A007_PER202508,2025-08-31,1600
NCF_A008_PER202508,2025-08-31,16600
NCF_A009_PER202508,2025-08-31,31600
NCF_A010_PER202508,2025-08-31,46600
NCF_A011_PER202508,2025-08-31,36600
NCF_A012_PER202508,2025-08-31,51600
NCF_A013_PER202508,2025-08-31,66600
NCF_A014_PER202508,2025-08-31,-23400
NCF_A015_PER202508,2025-08-31,-8400
NCF_A016_PER202508,2025-08-31,6600
NCF_A017_PER202508,2025-08-31,21600
NCF_A018_PER202508,2025-08-31,36600
NCF_A019_PER202508,2025-08-31,51600
NCF_A020_PER202508,2025-08-31,66600
NCF_A021_PER202508,2025-08-31,-23400
NCF_A022_PER202508,2025-08-31,-8400
NCF_A023_PER202508,2025-08-31,6600
NCF_A024_PER202508,2025-08-31,21600
NCF_A025_PER202508,2025-08-31,36600
NCF_A026_PER202508,2025-08-31,51600
NCF_A027_PER202508,2025-08-31,66600
NCF_A028_PER202508,2025-08-31,-23400
NCF_A029_PER202508,2025-08-31,-8400
NCF_A030_PER202508,2025-08-31,6600
NCF_A031_PER202508,2025-08-31,21600
NCF_A032_PER202508,2025-08-31,36600
NCF_A033_PER202508,2025-08-31,51600
NCF_A034_PER202508,2025-08-31,66600
NCF_A035_PER202508,2025-08-31,-23400
NCF_A036_PER202508,2025-08-31,-8400
NCF_A037_PER202508,2025-08-31,6600
NCF_A038_PER202508,2025-08-31,21600
NCF_A039_PER202508,2025-08-31,36600
NCF_A040_PER202508,2025-08-31,51600
NCF_A041_PER202508,2025-08-31,66600
NCF_A042_PER202508,2025-08-31,-23400
NCF_A043_PER202508,2025-08-31,-8400
NCF_A044_PER202508,2025-08-31,6600
NCF_A045_PER202508,2025-08-31,21600
NCF_A046_PER202508,2025-08-31,36600
NCF_A047_PER202508,2025-08-31,51600
NCF_A048_PER202508,2025-08-31,66600
NCF_A049_PER202508,2025-08-31,-23400
NCF_A050_PER202508,2025-08-31,-8400
NCF_A051_PER202508,2025-08-31,-5400
NCF_A052_PER202508,2025-08-31,9600
NCF_A053_PER202508,2025-08-31,24600
NCF_A054_PER202508,2025-08-31,39600
NCF_A055_PER202508,2025-08-31,54600
NCF_A056_PER202508,2025-08-31,-35400
NCF_A057_PER202508,2025-08-31,-20400
NCF_A058_PER202508,2025-08-31,-5400
NCF_A059_PER202508,2025-08-31,9600
NCF_A060_PER202508,2025-08-31,24600
NCF_A001_PER202509,2025-09-30,18400
NCF_A002_PER202509,2025-09-30,33400
NCF_A003_PER202509,2025-09-30,48400
NCF_A004_PER202509,2025-09-30,63400
NCF_A005_PER202509,2025-09-30,78400
NCF_A006_PER202509,2025-09-30,93400
NCF_A007_PER202509,2025-09-30,3400
NCF_A008_PER202509,2025-09-30,18400
NCF_A009_PER202509,2025-09-30,33400
NCF_A010_PER202509,2025-09-30,48400
NCF_A011_PER202509,2025-09-30,38400
NCF_A012_PER202509,2025-09-30,53400
NCF_A013_PER202509,2025-09-30,68400
NCF_A014_PER202509,2025-09-30,-21600
NCF_A015_PER202509,2025-09-30,-6600
NCF_A016_PER202509,2025-09-30,8400
NCF_A017_PER202509,2025-09-30,23400
NCF_A018_PER202509,2025-09-30,38400
NCF_A019_PER202509,2025-09-30,53400
NCF_A020_PER202509,2025-09-30,68400
NCF_A021_PER202509,2025-09-30,-21600
NCF_A022_PER202509,2025-09-30,-6600
NCF_A023_PER202509,2025-09-30,8400
NCF_A024_PER202509,2025-09-30,23400
NCF_A025_PER202509,2025-09-30,38400
NCF_A026_PER202509,2025-09-30,53400
NCF_A027_PER202509,2025-09-30,68400
NCF_A028_PER202509,2025-09-30,-21600
NCF_A029_PER202509,2025-09-30,-6600
NCF_A030_PER202509,2025-09-30,8400
NCF_A031_PER202509,2025-09-30,23400
NCF_A032_PER202509,2025-09-30,38400
NCF_A033_PER202509,2025-09-30,53400
NCF_A034_PER202509,2025-09-30,68400
NCF_A035_PER202509,2025-09-30,-21600
NCF_A036_PER202509,2025-09-30,-6600
NCF_A037_PER202509,2025-09-30,8400
NCF_A038_PER202509,2025-09-30,23400
NCF_A039_PER202509,2025-09-30,38400
NCF_A040_PER202509,2025-09-30,53400
NCF_A041_PER202509,2025-09-30,68400
NCF_A042_PER202509,2025-09-30,-21600
NCF_A043_PER202509,2025-09-30,-6600
NCF_A044_PER202509,2025-09-30,8400
NCF_A045_PER202509,2025-09-30,23400
NCF_A046_PER202509,2025-09-30,38400
NCF_A047_PER202509,2025-09-30,53400
NCF_A048_PER202509,2025-09-30,68400
NCF_A049_PER202509,2025-09-30,-21600
NCF_A050_PER202509,2025-09-30,-6600
NCF_A051_PER202509,2025-09-30,-3600
NCF_A052_PER202509,2025-09-30,11400
NCF_A053_PER202509,2025-09-30,26400
NCF_A054_PER202509,2025-09-30,41400
NCF_A055_PER202509,2025-09-30,56400
NCF_A056_PER202509,2025-09-30,-33600
NCF_A057_PER202509,2025-09-30,-18600
NCF_A058_PER202509,2025-09-30,-3600
NCF_A059_PER202509,2025-09-30,11400
NCF_A060_PER202509,2025-09-30,26400
NCF_A001_PER202510,2025-10-31,20200
NCF_A002_PER202510,2025-10-31,35200
NCF_A003_PER202510,2025-10-31,50200
NCF_A004_PER202510,2025-10-31,65200
NCF_A005_PER202510,2025-10-31,80200
NCF_A006_PER202510,2025-10-31,95200
NCF_A007_PER202510,2025-10-31,5200
NCF_A008_PER202510,2025-10-31,20200
NCF_A009_PER202510,2025-10-31,35200
NCF_A010_PER202510,2025-10-31,50200
NCF_A011_PER202510,2025-10-31,40200
NCF_A012_PER202510,2025-10-31,55200
NCF_A013_PER202510,2025-10-31,70200
NCF_A014_PER202510,2025-10-31,-19800
NCF_A015_PER202510,2025-10-31,-4800
NCF_A016_PER202510,2025-10-31,10200
NCF_A017_PER202510,2025-10-31,25200
NCF_A018_PER202510,2025-10-31,40200
NCF_A019_PER202510,2025-10-31,55200
NCF_A020_PER202510,2025-10-31,70200
NCF_A021_PER202510,2025-10-31,-19800
NCF_A022_PER202510,2025-10-31,-4800
NCF_A023_PER202510,2025-10-31,10200
NCF_A024_PER202510,2025-10-31,25200
NCF_A025_PER202510,2025-10-31,40200
NCF_A026_PER202510,2025-10-31,55200
NCF_A027_PER202510,2025-10-31,70200
NCF_A028_PER202510,2025-10-31,-19800
NCF_A029_PER202510,2025-10-31,-4800
NCF_A030_PER202510,2025-10-31,10200
NCF_A031_PER202510,2025-10-31,25200
NCF_A032_PER202510,2025-10-31,40200
NCF_A033_PER202510,2025-10-31,55200
NCF_A034_PER202510,2025-10-31,70200
NCF_A035_PER202510,2025-10-31,-19800
NCF_A036_PER202510,2025-10-31,-4800
NCF_A037_PER202510,2025-10-31,10200
NCF_A038_PER202510,2025-10-31,25200
NCF_A039_PER202510,2025-10-31,40200
NCF_A040_PER202510,2025-10-31,55200
NCF_A041_PER202510,2025-10-31,70200
NCF_A042_PER202510,2025-10-31,-19800
NCF_A043_PER202510,2025-10-31,-4800
NCF_A044_PER202510,2025-10-31,10200
NCF_A045_PER202510,2025-10-31,25200
NCF_A046_PER202510,2025-10-31,40200
NCF_A047_PER202510,2025-10-31,55200
NCF_A048_PER202510,2025-10-31,70200
NCF_A049_PER202510,2025-10-31,-19800
NCF_A050_PER202510,2025-10-31,-4800
NCF_A051_PER202510,2025-10-31,-1800
NCF_A052_PER202510,2025-10-31,13200
NCF_A053_PER202510,2025-10-31,28200
NCF_A054_PER202510,2025-10-31,43200
NCF_A055_PER202510,2025-10-31,58200
NCF_A056_PER202510,2025-10-31,-31800
NCF_A057_PER202510,2025-10-31,-16800
NCF_A058_PER202510,2025-10-31,-1800
NCF_A059_PER202510,2025-10-31,13200
NCF_A060_PER202510,2025-10-31,28200
NCF_A001_PER202511,2025-11-30,22000
NCF_A002_PER202511,2025-11-30,37000
NCF_A003_PER202511,2025-11-30,52000
NCF_A004_PER202511,2025-11-30,67000
NCF_A005_PER202511,2025-11-30,82000
NCF_A006_PER202511,2025-11-30,97000
NCF_A007_PER202511,2025-11-30,7000
NCF_A008_PER202511,2025-11-30,22000
NCF_A009_PER202511,2025-11-30,37000
NCF_A010_PER202511,2025-11-30,52000
NCF_A011_PER202511,2025-11-30,42000
NCF_A012_PER202511,2025-11-30,57000
NCF_A013_PER202511,2025-11-30,72000
NCF_A014_PER202511,2025-11-30,-18000
NCF_A015_PER202511,2025-11-30,-3000
NCF_A016_PER202511,2025-11-30,12000
NCF_A017_PER202511,2025-11-30,27000
NCF_A018_PER202511,2025-11-30,42000
NCF_A019_PER202511,2025-11-30,57000
NCF_A020_PER202511,2025-11-30,72000
NCF_A021_PER202511,2025-11-30,-18000
NCF_A022_PER202511,2025-11-30,-3000
NCF_A023_PER202511,2025-11-30,12000
NCF_A024_PER202511,2025-11-30,27000
NCF_A025_PER202511,2025-11-30,42000
NCF_A026_PER202511,2025-11-30,57000
NCF_A027_PER202511,2025-11-30,72000
NCF_A028_PER202511,2025-11-30,-18000
NCF_A029_PER202511,2025-11-30,-3000
NCF_A030_PER202511,2025-11-30,12000
NCF_A031_PER202511,2025-11-30,27000
NCF_A032_PER202511,2025-11-30,42000
NCF_A033_PER202511,2025-11-30,57000
NCF_A034_PER202511,2025-11-30,72000
NCF_A035_PER202511,2025-11-30,-18000
NCF_A036_PER202511,2025-11-30,-3000
NCF_A037_PER202511,2025-11-30,12000
NCF_A038_PER202511,2025-11-30,27000
NCF_A039_PER202511,2025-11-30,42000
NCF_A040_PER202511,2025-11-30,57000
NCF_A041_PER202511,2025-11-30,72000
NCF_A042_PER202511,2025-11-30,-18000
NCF_A043_PER202511,2025-11-30,-3000
NCF_A044_PER202511,2025-11-30,12000
NCF_A045_PER202511,2025-11-30,27000
NCF_A046_PER202511,2025-11-30,42000
NCF_A047_PER202511,2025-11-30,57000
NCF_A048_PER202511,2025-11-30,72000
NCF_A049_PER202511,2025-11-30,-18000
NCF_A050_PER202511,2025-11-30,-3000
NCF_A051_PER202511,2025-11-30,0
NCF_A052_PER202511,2025-11-30,15000
NCF_A053_PER202511,2025-11-30,30000
NCF_A054_PER202511,2025-11-30,45000
NCF_A055_PER202511,2025-11-30,60000
NCF_A056_PER202511,2025-11-30,-30000
NCF_A057_PER202511,2025-11-30,-15000
NCF_A058_PER202511,2025-11-30,0
NCF_A059_PER202511,2025-11-30,15000
NCF_A060_PER202511,2025-11-30,30000
NCF_A001_PER202512,2025-12-31,23800
NCF_A002_PER202512,2025-12-31,38800
NCF_A003_PER202512,2025-12-31,53800
NCF_A004_PER202512,2025-12-31,68800
NCF_A005_PER202512,2025-12-31,83800
NCF_A006_PER202512,2025-12-31,98800
NCF_A007_PER202512,2025-12-31,8800
NCF_A008_PER202512,2025-12-31,23800
NCF_A009_PER202512,2025-12-31,38800
NCF_A010_PER202512,2025-12-31,53800
NCF_A011_PER202512,2025-12-31,43800
NCF_A012_PER202512,2025-12-31,58800
NCF_A013_PER202512,2025-12-31,73800
NCF_A014_PER202512,2025-12-31,-16200
NCF_A015_PER202512,2025-12-31,-1200
NCF_A016_PER202512,2025-12-31,13800
NCF_A017_PER202512,2025-12-31,28800
NCF_A018_PER202512,2025-12-31,43800
NCF_A019_PER202512,2025-12-31,58800
NCF_A020_PER202512,2025-12-31,73800
NCF_A021_PER202512,2025-12-31,-16200
NCF_A022_PER202512,2025-12-31,-1200
NCF_A023_PER202512,2025-12-31,13800
NCF_A024_PER202512,2025-12-31,28800
NCF_A025_PER202512,2025-12-31,43800
NCF_A026_PER202512,2025-12-31,58800
NCF_A027_PER202512,2025-12-31,73800
NCF_A028_PER202512,2025-12-31,-16200
NCF_A029_PER202512,2025-12-31,-1200
NCF_A030_PER202512,2025-12-31,13800
NCF_A031_PER202512,2025-12-31,28800
NCF_A032_PER202512,2025-12-31,43800
NCF_A033_PER202512,2025-12-31,58800
NCF_A034_PER202512,2025-12-31,73800
NCF_A035_PER202512,2025-12-31,-16200
NCF_A036_PER202512,2025-12-31,-1200
NCF_A037_PER202512,2025-12-31,13800
NCF_A038_PER202512,2025-12-31,28800
NCF_A039_PER202512,2025-12-31,43800
NCF_A040_PER202512,2025-12-31,58800
NCF_A041_PER202512,2025-12-31,73800
NCF_A042_PER202512,2025-12-31,-16200
NCF_A043_PER202512,2025-12-31,-1200
NCF_A044_PER202512,2025-12-31,13800
NCF_A045_PER202512,2025-12-31,28800
NCF_A046_PER202512,2025-12-31,43800
NCF_A047_PER202512,2025-12-31,58800
NCF_A048_PER202512,2025-12-31,73800
NCF_A049_PER202512,2025-12-31,-16200
NCF_A050_PER202512,2025-12-31,-1200
NCF_A051_PER202512,2025-12-31,1800
NCF_A052_PER202512,2025-12-31,16800
NCF_A053_PER202512,2025-12-31,31800
NCF_A054_PER202512,2025-12-31,46800
NCF_A055_PER202512,2025-12-31,61800
NCF_A056_PER202512,2025-12-31,-28200
NCF_A057_PER202512,2025-12-31,-13200
NCF_A058_PER202512,2025-12-31,1800
NCF_A059_PER202512,2025-12-31,16800
NCF_A060_PER202512,2025-12-31,31800
NCF_A001_PER202601,2026-01-31,25600
NCF_A002_PER202601,2026-01-31,40600
NCF_A003_PER202601,2026-01-31,55600
NCF_A004_PER202601,2026-01-31,70600
NCF_A005_PER202601,2026-01-31,85600
NCF_A006_PER202601,2026-01-31,100600
NCF_A007_PER202601,2026-01-31,10600
NCF_A008_PER202601,2026-01-31,25600
NCF_A009_PER202601,2026-01-31,40600
NCF_A010_PER202601,2026-01-31,55600
NCF_A011_PER202601,2026-01-31,45600
NCF_A012_PER202601,2026-01-31,60600
NCF_A013_PER202601,2026-01-31,75600
NCF_A014_PER202601,2026-01-31,-14400
NCF_A015_PER202601,2026-01-31,600
NCF_A016_PER202601,2026-01-31,15600
NCF_A017_PER202601,2026-01-31,30600
NCF_A018_PER202601,2026-01-31,45600
NCF_A019_PER202601,2026-01-31,60600
NCF_A020_PER202601,2026-01-31,75600
NCF_A021_PER202601,2026-01-31,-14400
NCF_A022_PER202601,2026-01-31,600
NCF_A023_PER202601,2026-01-31,15600
NCF_A024_PER202601,2026-01-31,30600
NCF_A025_PER202601,2026-01-31,45600
NCF_A026_PER202601,2026-01-31,60600
NCF_A027_PER202601,2026-01-31,75600
NCF_A028_PER202601,2026-01-31,-14400
NCF_A029_PER202601,2026-01-31,600
NCF_A030_PER202601,2026-01-31,15600
NCF_A031_PER202601,2026-01-31,30600
NCF_A032_PER202601,2026-01-31,45600
NCF_A033_PER202601,2026-01-31,60600
NCF_A034_PER202601,2026-01-31,75600
NCF_A035_PER202601,2026-01-31,-14400
NCF_A036_PER202601,2026-01-31,600
NCF_A037_PER202601,2026-01-31,15600
NCF_A038_PER202601,2026-01-31,30600
NCF_A039_PER202601,2026-01-31,45600
NCF_A040_PER202601,2026-01-31,60600
NCF_A041_PER202601,2026-01-31,75600
NCF_A042_PER202601,2026-01-31,-14400
NCF_A043_PER202601,2026-01-31,600
NCF_A044_PER202601,2026-01-31,15600
NCF_A045_PER202601,2026-01-31,30600
NCF_A046_PER202601,2026-01-31,45600
NCF_A047_PER202601,2026-01-31,60600
NCF_A048_PER202601,2026-01-31,75600
NCF_A049_PER202601,2026-01-31,-14400
NCF_A050_PER202601,2026-01-31,600
NCF_A051_PER202601,2026-01-31,3600
NCF_A052_PER202601,2026-01-31,18600
NCF_A053_PER202601,2026-01-31,33600
NCF_A054_PER202601,2026-01-31,48600
NCF_A055_PER202601,2026-01-31,63600
NCF_A056_PER202601,2026-01-31,-26400
NCF_A057_PER202601,2026-01-31,-11400
NCF_A058_PER202601,2026-01-31,3600
NCF_A059_PER202601,2026-01-31,18600
NCF_A060_PER202601,2026-01-31,33600
NCF_A001_PER202602,2026-02-28,27400
NCF_A002_PER202602,2026-02-28,42400
NCF_A003_PER202602,2026-02-28,57400
NCF_A004_PER202602,2026-02-28,72400
NCF_A005_PER202602,2026-02-28,87400
NCF_A006_PER202602,2026-02-28,102400
NCF_A007_PER202602,2026-02-28,12400
NCF_A008_PER202602,2026-02-28,27400
NCF_A009_PER202602,2026-02-28,42400
NCF_A010_PER202602,2026-02-28,57400
NCF_A011_PER202602,2026-02-28,47400
NCF_A012_PER202602,2026-02-28,62400
NCF_A013_PER202602,2026-02-28,77400
NCF_A014_PER202602,2026-02-28,-12600
NCF_A015_PER202602,2026-02-28,2400
NCF_A016_PER202602,2026-02-28,17400
NCF_A017_PER202602,2026-02-28,32400
NCF_A018_PER202602,2026-02-28,47400
NCF_A019_PER202602,2026-02-28,62400
NCF_A020_PER202602,2026-02-28,77400
NCF_A021_PER202602,2026-02-28,-12600
NCF_A022_PER202602,2026-02-28,2400
NCF_A023_PER202602,2026-02-28,17400
NCF_A024_PER202602,2026-02-28,32400
NCF_A025_PER202602,2026-02-28,47400
NCF_A026_PER202602,2026-02-28,62400
NCF_A027_PER202602,2026-02-28,77400
NCF_A028_PER202602,2026-02-28,-12600
NCF_A029_PER202602,2026-02-28,2400
NCF_A030_PER202602,2026-02-28,17400
NCF_A031_PER202602,2026-02-28,32400
NCF_A032_PER202602,2026-02-28,47400
NCF_A033_PER202602,2026-02-28,62400
NCF_A034_PER202602,2026-02-28,77400
NCF_A035_PER202602,2026-02-28,-12600
NCF_A036_PER202602,2026-02-28,2400
NCF_A037_PER202602,2026-02-28,17400
NCF_A038_PER202602,2026-02-28,32400
NCF_A039_PER202602,2026-02-28,47400
NCF_A040_PER202602,2026-02-28,62400
NCF_A041_PER202602,2026-02-28,77400
NCF_A042_PER202602,2026-02-28,-12600
NCF_A043_PER202602,2026-02-28,2400
NCF_A044_PER202602,2026-02-28,17400
NCF_A045_PER202602,2026-02-28,32400
NCF_A046_PER202602,2026-02-28,47400
NCF_A047_PER202602,2026-02-28,62400
NCF_A048_PER202602,2026-02-28,77400
NCF_A049_PER202602,2026-02-28,-12600
NCF_A050_PER202602,2026-02-28,2400
NCF_A051_PER202602,2026-02-28,5400
NCF_A052_PER202602,2026-02-28,20400
NCF_A053_PER202602,2026-02-28,35400
NCF_A054_PER202602,2026-02-28,50400
NCF_A055_PER202602,2026-02-28,65400
NCF_A056_PER202602,2026-02-28,-24600
NCF_A057_PER202602,2026-02-28,-9600
NCF_A058_PER202602,2026-02-28,5400
NCF_A059_PER202602,2026-02-28,20400
NCF_A060_PER202602,2026-02-28,35400
NCF_A001_PER202603,2026-03-31,29200
NCF_A002_PER202603,2026-03-31,44200
NCF_A003_PER202603,2026-03-31,59200
NCF_A004_PER202603,2026-03-31,74200
NCF_A005_PER202603,2026-03-31,89200
NCF_A006_PER202603,2026-03-31,104200
NCF_A007_PER202603,2026-03-31,14200
NCF_A008_PER202603,2026-03-31,29200
NCF_A009_PER202603,2026-03-31,44200
NCF_A010_PER202603,2026-03-31,59200
NCF_A011_PER202603,2026-03-31,49200
NCF_A012_PER202603,2026-03-31,64200
NCF_A013_PER202603,2026-03-31,79200
NCF_A014_PER202603,2026-03-31,-10800
NCF_A015_PER202603,2026-03-31,4200
NCF_A016_PER202603,2026-03-31,19200
NCF_A017_PER202603,2026-03-31,34200
NCF_A018_PER202603,2026-03-31,49200
NCF_A019_PER202603,2026-03-31,64200
NCF_A020_PER202603,2026-03-31,79200
NCF_A021_PER202603,2026-03-31,-10800
NCF_A022_PER202603,2026-03-31,4200
NCF_A023_PER202603,2026-03-31,19200
NCF_A024_PER202603,2026-03-31,34200
NCF_A025_PER202603,2026-03-31,49200
NCF_A026_PER202603,2026-03-31,64200
NCF_A027_PER202603,2026-03-31,79200
NCF_A028_PER202603,2026-03-31,-10800
NCF_A029_PER202603,2026-03-31,4200
NCF_A030_PER202603,2026-03-31,19200
NCF_A031_PER202603,2026-03-31,34200
NCF_A032_PER202603,2026-03-31,49200
NCF_A033_PER202603,2026-03-31,64200
NCF_A034_PER202603,2026-03-31,79200
NCF_A035_PER202603,2026-03-31,-10800
NCF_A036_PER202603,2026-03-31,4200
NCF_A037_PER202603,2026-03-31,19200
NCF_A038_PER202603,2026-03-31,34200
NCF_A039_PER202603,2026-03-31,49200
NCF_A040_PER202603,2026-03-31,64200
NCF_A041_PER202603,2026-03-31,79200
NCF_A042_PER202603,2026-03-31,-10800
NCF_A043_PER202603,2026-03-31,4200
NCF_A044_PER202603,2026-03-31,19200
NCF_A045_PER202603,2026-03-31,34200
NCF_A046_PER202603,2026-03-31,49200
NCF_A047_PER202603,2026-03-31,64200
NCF_A048_PER202603,2026-03-31,79200
NCF_A049_PER202603,2026-03-31,-10800
NCF_A050_PER202603,2026-03-31,4200
NCF_A051_PER202603,2026-03-31,7200
NCF_A052_PER202603,2026-03-31,22200
NCF_A053_PER202603,2026-03-31,37200
NCF_A054_PER202603,2026-03-31,52200
NCF_A055_PER202603,2026-03-31,67200
NCF_A056_PER202603,2026-03-31,-22800
NCF_A057_PER202603,2026-03-31,-7800
NCF_A058_PER202603,2026-03-31,7200
NCF_A059_PER202603,2026-03-31,22200
NCF_A060_PER202603,2026-03-31,37200
NCF_A001_PER202604,2026-04-30,31000
NCF_A002_PER202604,2026-04-30,46000
NCF_A003_PER202604,2026-04-30,61000
NCF_A004_PER202604,2026-04-30,76000
NCF_A005_PER202604,2026-04-30,91000
NCF_A006_PER202604,2026-04-30,106000
NCF_A007_PER202604,2026-04-30,16000
NCF_A008_PER202604,2026-04-30,31000
NCF_A009_PER202604,2026-04-30,46000
NCF_A010_PER202604,2026-04-30,61000
NCF_A011_PER202604,2026-04-30,51000
NCF_A012_PER202604,2026-04-30,66000
NCF_A013_PER202604,2026-04-30,81000
NCF_A014_PER202604,2026-04-30,-9000
NCF_A015_PER202604,2026-04-30,6000
NCF_A016_PER202604,2026-04-30,21000
NCF_A017_PER202604,2026-04-30,36000
NCF_A018_PER202604,2026-04-30,51000
NCF_A019_PER202604,2026-04-30,66000
NCF_A020_PER202604,2026-04-30,81000
NCF_A021_PER202604,2026-04-30,-9000
NCF_A022_PER202604,2026-04-30,6000
NCF_A023_PER202604,2026-04-30,21000
NCF_A024_PER202604,2026-04-30,36000
NCF_A025_PER202604,2026-04-30,51000
NCF_A026_PER202604,2026-04-30,66000
NCF_A027_PER202604,2026-04-30,81000
NCF_A028_PER202604,2026-04-30,-9000
NCF_A029_PER202604,2026-04-30,6000
NCF_A030_PER202604,2026-04-30,21000
NCF_A031_PER202604,2026-04-30,36000
NCF_A032_PER202604,2026-04-30,51000
NCF_A033_PER202604,2026-04-30,66000
NCF_A034_PER202604,2026-04-30,81000
NCF_A035_PER202604,2026-04-30,-9000
NCF_A036_PER202604,2026-04-30,6000
NCF_A037_PER202604,2026-04-30,21000
NCF_A038_PER202604,2026-04-30,36000
NCF_A039_PER202604,2026-04-30,51000
NCF_A040_PER202604,2026-04-30,66000
NCF_A041_PER202604,2026-04-30,81000
NCF_A042_PER202604,2026-04-30,-9000
NCF_A043_PER202604,2026-04-30,6000
NCF_A044_PER202604,2026-04-30,21000
NCF_A045_PER202604,2026-04-30,36000
NCF_A046_PER202604,2026-04-30,51000
NCF_A047_PER202604,2026-04-30,66000
NCF_A048_PER202604,2026-04-30,81000
NCF_A049_PER202604,2026-04-30,-9000
NCF_A050_PER202604,2026-04-30,6000
NCF_A051_PER202604,2026-04-30,9000
NCF_A052_PER202604,2026-04-30,24000
NCF_A053_PER202604,2026-04-30,39000
NCF_A054_PER202604,2026-04-30,54000
NCF_A055_PER202604,2026-04-30,69000
NCF_A056_PER202604,2026-04-30,-21000
NCF_A057_PER202604,2026-04-30,-6000
NCF_A058_PER202604,2026-04-30,9000
NCF_A059_PER202604,2026-04-30,24000
NCF_A060_PER202604,2026-04-30,39000
NCF_A001_PER202605,2026-05-31,32800
NCF_A002_PER202605,2026-05-31,47800
NCF_A003_PER202605,2026-05-31,62800
NCF_A004_PER202605,2026-05-31,77800
NCF_A005_PER202605,2026-05-31,92800
NCF_A006_PER202605,2026-05-31,107800
NCF_A007_PER202605,2026-05-31,17800
NCF_A008_PER202605,2026-05-31,32800
NCF_A009_PER202605,2026-05-31,47800
NCF_A010_PER202605,2026-05-31,62800
NCF_A011_PER202605,2026-05-31,52800
NCF_A012_PER202605,2026-05-31,67800
NCF_A013_PER202605,2026-05-31,82800
NCF_A014_PER202605,2026-05-31,-7200
NCF_A015_PER202605,2026-05-31,7800
NCF_A016_PER202605,2026-05-31,22800
NCF_A017_PER202605,2026-05-31,37800
NCF_A018_PER202605,2026-05-31,52800
NCF_A019_PER202605,2026-05-31,67800
NCF_A020_PER202605,2026-05-31,82800
NCF_A021_PER202605,2026-05-31,-7200
NCF_A022_PER202605,2026-05-31,7800
NCF_A023_PER202605,2026-05-31,22800
NCF_A024_PER202605,2026-05-31,37800
NCF_A025_PER202605,2026-05-31,52800
NCF_A026_PER202605,2026-05-31,67800
NCF_A027_PER202605,2026-05-31,82800
NCF_A028_PER202605,2026-05-31,-7200
NCF_A029_PER202605,2026-05-31,7800
NCF_A030_PER202605,2026-05-31,22800
NCF_A031_PER202605,2026-05-31,37800
NCF_A032_PER202605,2026-05-31,52800
NCF_A033_PER202605,2026-05-31,67800
NCF_A034_PER202605,2026-05-31,82800
NCF_A035_PER202605,2026-05-31,-7200
NCF_A036_PER202605,2026-05-31,7800
NCF_A037_PER202605,2026-05-31,22800
NCF_A038_PER202605,2026-05-31,37800
NCF_A039_PER202605,2026-05-31,52800
NCF_A040_PER202605,2026-05-31,67800
NCF_A041_PER202605,2026-05-31,82800
NCF_A042_PER202605,2026-05-31,-7200
NCF_A043_PER202605,2026-05-31,7800
NCF_A044_PER202605,2026-05-31,22800
NCF_A045_PER202605,2026-05-31,37800
NCF_A046_PER202605,2026-05-31,52800
NCF_A047_PER202605,2026-05-31,67800
NCF_A048_PER202605,2026-05-31,82800
NCF_A049_PER202605,2026-05-31,-7200
NCF_A050_PER202605,2026-05-31,7800
NCF_A051_PER202605,2026-05-31,10800
NCF_A052_PER202605,2026-05-31,25800
NCF_A053_PER202605,2026-05-31,40800
NCF_A054_PER202605,2026-05-31,55800
NCF_A055_PER202605,2026-05-31,70800
NCF_A056_PER202605,2026-05-31,-19200
NCF_A057_PER202605,2026-05-31,-4200
NCF_A058_PER202605,2026-05-31,10800
NCF_A059_PER202605,2026-05-31,25800
NCF_A060_PER202605,2026-05-31,40800
NCF_A001_PER202606,2026-06-30,34600
NCF_A002_PER202606,2026-06-30,49600
NCF_A003_PER202606,2026-06-30,64600
NCF_A004_PER202606,2026-06-30,79600
NCF_A005_PER202606,2026-06-30,94600
NCF_A006_PER202606,2026-06-30,109600
NCF_A007_PER202606,2026-06-30,19600
NCF_A008_PER202606,2026-06-30,34600
NCF_A009_PER202606,2026-06-30,49600
NCF_A010_PER202606,2026-06-30,64600
NCF_A011_PER202606,2026-06-30,54600
NCF_A012_PER202606,2026-06-30,69600
NCF_A013_PER202606,2026-06-30,84600
NCF_A014_PER202606,2026-06-30,-5400
NCF_A015_PER202606,2026-06-30,9600
NCF_A016_PER202606,2026-06-30,24600
NCF_A017_PER202606,2026-06-30,39600
NCF_A018_PER202606,2026-06-30,54600
NCF_A019_PER202606,2026-06-30,69600
NCF_A020_PER202606,2026-06-30,84600
NCF_A021_PER202606,2026-06-30,-5400
NCF_A022_PER202606,2026-06-30,9600
NCF_A023_PER202606,2026-06-30,24600
NCF_A024_PER202606,2026-06-30,39600
NCF_A025_PER202606,2026-06-30,54600
NCF_A026_PER202606,2026-06-30,69600
NCF_A027_PER202606,2026-06-30,84600
NCF_A028_PER202606,2026-06-30,-5400
NCF_A029_PER202606,2026-06-30,9600
NCF_A030_PER202606,2026-06-30,24600
NCF_A031_PER202606,2026-06-30,39600
NCF_A032_PER202606,2026-06-30,54600
NCF_A033_PER202606,2026-06-30,69600
NCF_A034_PER202606,2026-06-30,84600
NCF_A035_PER202606,2026-06-30,-5400
NCF_A036_PER202606,2026-06-30,9600
NCF_A037_PER202606,2026-06-30,24600
NCF_A038_PER202606,2026-06-30,39600
NCF_A039_PER202606,2026-06-30,54600
NCF_A040_PER202606,2026-06-30,69600
NCF_A041_PER202606,2026-06-30,84600
NCF_A042_PER202606,2026-06-30,-5400
NCF_A043_PER202606,2026-06-30,9600
NCF_A044_PER202606,2026-06-30,24600
NCF_A045_PER202606,2026-06-30,39600
NCF_A046_PER202606,2026-06-30,54600
NCF_A047_PER202606,2026-06-30,69600
NCF_A048_PER202606,2026-06-30,84600
NCF_A049_PER202606,2026-06-30,-5400
NCF_A050_PER202606,2026-06-30,9600
NCF_A051_PER202606,2026-06-30,12600
NCF_A052_PER202606,2026-06-30,27600
NCF_A053_PER202606,2026-06-30,42600
NCF_A054_PER202606,2026-06-30,57600
NCF_A055_PER202606,2026-06-30,72600
NCF_A056_PER202606,2026-06-30,-17400
NCF_A057_PER202606,2026-06-30,-2400
NCF_A058_PER202606,2026-06-30,12600
NCF_A059_PER202606,2026-06-30,27600
NCF_A060_PER202606,2026-06-30,42600
NCF_A001_PER202607,2026-07-31,36400
NCF_A002_PER202607,2026-07-31,51400
NCF_A003_PER202607,2026-07-31,66400
NCF_A004_PER202607,2026-07-31,81400
NCF_A005_PER202607,2026-07-31,96400
NCF_A006_PER202607,2026-07-31,111400
NCF_A007_PER202607,2026-07-31,21400
NCF_A008_PER202607,2026-07-31,36400
NCF_A009_PER202607,2026-07-31,51400
NCF_A010_PER202607,2026-07-31,66400
NCF_A011_PER202607,2026-07-31,56400
NCF_A012_PER202607,2026-07-31,71400
NCF_A013_PER202607,2026-07-31,86400
NCF_A014_PER202607,2026-07-31,-3600
NCF_A015_PER202607,2026-07-31,11400
NCF_A016_PER202607,2026-07-31,26400
NCF_A017_PER202607,2026-07-31,41400
NCF_A018_PER202607,2026-07-31,56400
NCF_A019_PER202607,2026-07-31,71400
NCF_A020_PER202607,2026-07-31,86400
NCF_A021_PER202607,2026-07-31,-3600
NCF_A022_PER202607,2026-07-31,11400
NCF_A023_PER202607,2026-07-31,26400
NCF_A024_PER202607,2026-07-31,41400
NCF_A025_PER202607,2026-07-31,56400
NCF_A026_PER202607,2026-07-31,71400
NCF_A027_PER202607,2026-07-31,86400
NCF_A028_PER202607,2026-07-31,-3600
NCF_A029_PER202607,2026-07-31,11400
NCF_A030_PER202607,2026-07-31,26400
NCF_A031_PER202607,2026-07-31,41400
NCF_A032_PER202607,2026-07-31,56400
NCF_A033_PER202607,2026-07-31,71400
NCF_A034_PER202607,2026-07-31,86400
NCF_A035_PER202607,2026-07-31,-3600
NCF_A036_PER202607,2026-07-31,11400
NCF_A037_PER202607,2026-07-31,26400
NCF_A038_PER202607,2026-07-31,41400
NCF_A039_PER202607,2026-07-31,56400
NCF_A040_PER202607,2026-07-31,71400
NCF_A041_PER202607,2026-07-31,86400
NCF_A042_PER202607,2026-07-31,-3600
NCF_A043_PER202607,2026-07-31,11400
NCF_A044_PER202607,2026-07-31,26400
NCF_A045_PER202607,2026-07-31,41400
NCF_A046_PER202607,2026-07-31,56400
NCF_A047_PER202607,2026-07-31,71400
NCF_A048_PER202607,2026-07-31,86400
NCF_A049_PER202607,2026-07-31,-3600
NCF_A050_PER202607,2026-07-31,11400
NCF_A051_PER202607,2026-07-31,14400
NCF_A052_PER202607,2026-07-31,29400
NCF_A053_PER202607,2026-07-31,44400
NCF_A054_PER202607,2026-07-31,59400
NCF_A055_PER202607,2026-07-31,74400
NCF_A056_PER202607,2026-07-31,-15600
NCF_A057_PER202607,2026-07-31,-600
NCF_A058_PER202607,2026-07-31,14400
NCF_A059_PER202607,2026-07-31,29400
NCF_A060_PER202607,2026-07-31,44400
NCF_A001_PER202308,2023-08-31,1900
NCF_A001_PER202309,2023-09-30,36760
NCF_A001_PER202310,2023-10-31,14080
NCF_A001_PER202311,2023-11-30,4140
NCF_A001_PER202312,2023-12-31,25300
NCF_A001_PER202401,2024-01-31,2030
NCF_A001_PER202402,2024-02-29,-1340
NCF_A001_PER202403,2024-03-31,9540
NCF_A001_PER202404,2024-04-30,36440
NCF_A001_PER202405,2024-05-31,17260
NCF_A001_PER202406,2024-06-30,17530
NCF_A001_PER202407,2024-07-31,36720
NCF_A002_PER202308,2023-08-31,41190
NCF_A002_PER202309,2023-09-30,40670
NCF_A002_PER202310,2023-10-31,42320
NCF_A002_PER202311,2023-11-30,14750
NCF_A002_PER202312,2023-12-31,42890
NCF_A002_PER202401,2024-01-31,26440
NCF_A002_PER202402,2024-02-29,22320
NCF_A002_PER202403,2024-03-31,46480
NCF_A002_PER202404,2024-04-30,54640
NCF_A002_PER202405,2024-05-31,42880
NCF_A002_PER202406,2024-06-30,36130
NCF_A002_PER202407,2024-07-31,39650
NCF_A003_PER202308,2023-08-31,57000
NCF_A003_PER202309,2023-09-30,43050
NCF_A003_PER202310,2023-10-31,50210
NCF_A003_PER202311,2023-11-30,44530
NCF_A003_PER202312,2023-12-31,62110
NCF_A003_PER202401,2024-01-31,28270
NCF_A003_PER202402,2024-02-29,42350
NCF_A003_PER202403,2024-03-31,64820
NCF_A003_PER202404,2024-04-30,56440
NCF_A003_PER202405,2024-05-31,28340
NCF_A003_PER202406,2024-06-30,39040
NCF_A003_PER202407,2024-07-31,57940
NCF_A004_PER202308,2023-08-31,68040
NCF_A004_PER202309,2023-09-30,65050
NCF_A004_PER202310,2023-10-31,63660
NCF_A004_PER202311,2023-11-30,50680
NCF_A004_PER202312,2023-12-31,75190
NCF_A004_PER202401,2024-01-31,69470
NCF_A004_PER202402,2024-02-29,62540
NCF_A004_PER202403,2024-03-31,92210
NCF_A004_PER202404,2024-04-30,63910
NCF_A004_PER202405,2024-05-31,42150
NCF_A004_PER202406,2024-06-30,50820
NCF_A004_PER202407,2024-07-31,45440
NCF_A005_PER202308,2023-08-31,72860
NCF_A005_PER202309,2023-09-30,78570
NCF_A005_PER202310,2023-10-31,87410
NCF_A005_PER202311,2023-11-30,104520
NCF_A005_PER202312,2023-12-31,47660
NCF_A005_PER202401,2024-01-31,86240
NCF_A005_PER202402,2024-02-29,69970
NCF_A005_PER202403,2024-03-31,61500
NCF_A005_PER202404,2024-04-30,68240
NCF_A005_PER202405,2024-05-31,79650
NCF_A005_PER202406,2024-06-30,61170
NCF_A005_PER202407,2024-07-31,80050
NCF_A006_PER202308,2023-08-31,73830
NCF_A006_PER202309,2023-09-30,82660
NCF_A006_PER202310,2023-10-31,103910
NCF_A006_PER202311,2023-11-30,107550
NCF_A006_PER202312,2023-12-31,63750
NCF_A006_PER202401,2024-01-31,100260
NCF_A006_PER202402,2024-02-29,106940
NCF_A006_PER202403,2024-03-31,98010
NCF_A006_PER202404,2024-04-30,116190
NCF_A006_PER202405,2024-05-31,69320
NCF_A006_PER202406,2024-06-30,76350
NCF_A006_PER202407,2024-07-31,89690
NCF_A007_PER202308,2023-08-31,5720
NCF_A007_PER202309,2023-09-30,1560
NCF_A007_PER202310,2023-10-31,24890
NCF_A007_PER202311,2023-11-30,8650
NCF_A007_PER202312,2023-12-31,-17200
NCF_A007_PER202401,2024-01-31,13220
NCF_A007_PER202402,2024-02-29,10700
NCF_A007_PER202403,2024-03-31,16210
NCF_A007_PER202404,2024-04-30,-12180
NCF_A007_PER202405,2024-05-31,17330
NCF_A007_PER202406,2024-06-30,-21490
NCF_A007_PER202407,2024-07-31,-7200
NCF_A008_PER202308,2023-08-31,30360
NCF_A008_PER202309,2023-09-30,30940
NCF_A008_PER202310,2023-10-31,-3090
NCF_A008_PER202311,2023-11-30,10500
NCF_A008_PER202312,2023-12-31,9180
NCF_A008_PER202401,2024-01-31,27380
NCF_A008_PER202402,2024-02-29,16810
NCF_A008_PER202403,2024-03-31,-3080
NCF_A008_PER202404,2024-04-30,20450
NCF_A008_PER202405,2024-05-31,1800
NCF_A008_PER202406,2024-06-30,14610
NCF_A008_PER202407,2024-07-31,370
NCF_A009_PER202308,2023-08-31,21440
NCF_A009_PER202309,2023-09-30,16100
NCF_A009_PER202310,2023-10-31,31490
NCF_A009_PER202311,2023-11-30,49600
NCF_A009_PER202312,2023-12-31,13200
NCF_A009_PER202401,2024-01-31,38970
NCF_A009_PER202402,2024-02-29,16960
NCF_A009_PER202403,2024-03-31,23540
NCF_A009_PER202404,2024-04-30,29690
NCF_A009_PER202405,2024-05-31,46020
NCF_A009_PER202406,2024-06-30,12780
NCF_A009_PER202407,2024-07-31,11870
NCF_A010_PER202308,2023-08-31,47310
NCF_A010_PER202309,2023-09-30,71430
NCF_A010_PER202310,2023-10-31,58850
NCF_A010_PER202311,2023-11-30,21510
NCF_A010_PER202312,2023-12-31,46850
NCF_A010_PER202401,2024-01-31,57050
NCF_A010_PER202402,2024-02-29,46980
NCF_A010_PER202403,2024-03-31,22900
NCF_A010_PER202404,2024-04-30,61650
NCF_A010_PER202405,2024-05-31,49320
NCF_A010_PER202406,2024-06-30,55810
NCF_A010_PER202407,2024-07-31,45880
NCF_A011_PER202308,2023-08-31,50200
NCF_A011_PER202309,2023-09-30,32810
NCF_A011_PER202310,2023-10-31,39220
NCF_A011_PER202311,2023-11-30,27270
NCF_A011_PER202312,2023-12-31,47940
NCF_A011_PER202401,2024-01-31,32820
NCF_A011_PER202402,2024-02-29,34670
NCF_A011_PER202403,2024-03-31,50640
NCF_A011_PER202404,2024-04-30,32340
NCF_A011_PER202405,2024-05-31,13950
NCF_A011_PER202406,2024-06-30,32440
NCF_A011_PER202407,2024-07-31,31920
NCF_A012_PER202308,2023-08-31,55870
NCF_A012_PER202309,2023-09-30,58500
NCF_A012_PER202310,2023-10-31,68920
NCF_A012_PER202311,2023-11-30,70760
NCF_A012_PER202312,2023-12-31,30720
NCF_A012_PER202401,2024-01-31,25690
NCF_A012_PER202402,2024-02-29,33070
NCF_A012_PER202403,2024-03-31,40910
NCF_A012_PER202404,2024-04-30,37070
NCF_A012_PER202405,2024-05-31,36300
NCF_A012_PER202406,2024-06-30,57110
NCF_A012_PER202407,2024-07-31,45170
NCF_A013_PER202308,2023-08-31,79220
NCF_A013_PER202309,2023-09-30,53570
NCF_A013_PER202310,2023-10-31,90770
NCF_A013_PER202311,2023-11-30,53210
NCF_A013_PER202312,2023-12-31,57690
NCF_A013_PER202401,2024-01-31,72600
NCF_A013_PER202402,2024-02-29,68480
NCF_A013_PER202403,2024-03-31,83420
NCF_A013_PER202404,2024-04-30,63680
NCF_A013_PER202405,2024-05-31,59470
NCF_A013_PER202406,2024-06-30,40830
NCF_A013_PER202407,2024-07-31,95780
NCF_A014_PER202308,2023-08-31,-8750
NCF_A014_PER202309,2023-09-30,-52270
NCF_A014_PER202310,2023-10-31,-34120
NCF_A014_PER202311,2023-11-30,-23340
NCF_A014_PER202312,2023-12-31,-25540
NCF_A014_PER202401,2024-01-31,-38880
NCF_A014_PER202402,2024-02-29,-16710
NCF_A014_PER202403,2024-03-31,-42040
NCF_A014_PER202404,2024-04-30,-12080
NCF_A014_PER202405,2024-05-31,-16830
NCF_A014_PER202406,2024-06-30,-33120
NCF_A014_PER202407,2024-07-31,-6810
NCF_A015_PER202308,2023-08-31,-23720
NCF_A015_PER202309,2023-09-30,650
NCF_A015_PER202310,2023-10-31,-9990
NCF_A015_PER202311,2023-11-30,-25400
NCF_A015_PER202312,2023-12-31,7250
NCF_A015_PER202401,2024-01-31,4750
NCF_A015_PER202402,2024-02-29,6650
NCF_A015_PER202403,2024-03-31,7000
NCF_A015_PER202404,2024-04-30,-14860
NCF_A015_PER202405,2024-05-31,-27280
NCF_A015_PER202406,2024-06-30,-1280
NCF_A015_PER202407,2024-07-31,12770
NCF_A016_PER202308,2023-08-31,10700
NCF_A016_PER202309,2023-09-30,12890
NCF_A016_PER202310,2023-10-31,25690
NCF_A016_PER202311,2023-11-30,4810
NCF_A016_PER202312,2023-12-31,6740
NCF_A016_PER202401,2024-01-31,-4800
NCF_A016_PER202402,2024-02-29,-4070
NCF_A016_PER202403,2024-03-31,-9550
NCF_A016_PER202404,2024-04-30,7490
NCF_A016_PER202405,2024-05-31,-13490
NCF_A016_PER202406,2024-06-30,1040
NCF_A016_PER202407,2024-07-31,5370
NCF_A017_PER202308,2023-08-31,14340
NCF_A017_PER202309,2023-09-30,37550
NCF_A017_PER202310,2023-10-31,20550
NCF_A017_PER202311,2023-11-30,13170
NCF_A017_PER202312,2023-12-31,25940
NCF_A017_PER202401,2024-01-31,21910
NCF_A017_PER202402,2024-02-29,37490
NCF_A017_PER202403,2024-03-31,11840
NCF_A017_PER202404,2024-04-30,40570
NCF_A017_PER202405,2024-05-31,27500
NCF_A017_PER202406,2024-06-30,4990
NCF_A017_PER202407,2024-07-31,16120
NCF_A018_PER202308,2023-08-31,17250
NCF_A018_PER202309,2023-09-30,32960
NCF_A018_PER202310,2023-10-31,26470
NCF_A018_PER202311,2023-11-30,32380
NCF_A018_PER202312,2023-12-31,39110
NCF_A018_PER202401,2024-01-31,26280
NCF_A018_PER202402,2024-02-29,45570
NCF_A018_PER202403,2024-03-31,33920
NCF_A018_PER202404,2024-04-30,56360
NCF_A018_PER202405,2024-05-31,33570
NCF_A018_PER202406,2024-06-30,17190
NCF_A018_PER202407,2024-07-31,57630
NCF_A019_PER202308,2023-08-31,57530
NCF_A019_PER202309,2023-09-30,46300
NCF_A019_PER202310,2023-10-31,47240
NCF_A019_PER202311,2023-11-30,59300
NCF_A019_PER202312,2023-12-31,54340
NCF_A019_PER202401,2024-01-31,75820
NCF_A019_PER202402,2024-02-29,74880
NCF_A019_PER202403,2024-03-31,60540
NCF_A019_PER202404,2024-04-30,47100
NCF_A019_PER202405,2024-05-31,68320
NCF_A019_PER202406,2024-06-30,28710
NCF_A019_PER202407,2024-07-31,26050
NCF_A020_PER202308,2023-08-31,58000
NCF_A020_PER202309,2023-09-30,59720
NCF_A020_PER202310,2023-10-31,53150
NCF_A020_PER202311,2023-11-30,51390
NCF_A020_PER202312,2023-12-31,46430
NCF_A020_PER202401,2024-01-31,59290
NCF_A020_PER202402,2024-02-29,89950
NCF_A020_PER202403,2024-03-31,73070
NCF_A020_PER202404,2024-04-30,67890
NCF_A020_PER202405,2024-05-31,39830
NCF_A020_PER202406,2024-06-30,55210
NCF_A020_PER202407,2024-07-31,81040
NCF_A021_PER202308,2023-08-31,-40950
NCF_A021_PER202309,2023-09-30,-41470
NCF_A021_PER202310,2023-10-31,-34690
NCF_A021_PER202311,2023-11-30,-34380
NCF_A021_PER202312,2023-12-31,-36580
NCF_A021_PER202401,2024-01-31,-39970
NCF_A021_PER202402,2024-02-29,-29870
NCF_A021_PER202403,2024-03-31,-26820
NCF_A021_PER202404,2024-04-30,-10950
NCF_A021_PER202405,2024-05-31,-47840
NCF_A021_PER202406,2024-06-30,-50490
NCF_A021_PER202407,2024-07-31,-29300
NCF_A022_PER202308,2023-08-31,-16390
NCF_A022_PER202309,2023-09-30,-24710
NCF_A022_PER202310,2023-10-31,-22830
NCF_A022_PER202311,2023-11-30,-7720
NCF_A022_PER202312,2023-12-31,-13530
NCF_A022_PER202401,2024-01-31,7340
NCF_A022_PER202402,2024-02-29,6030
NCF_A022_PER202403,2024-03-31,-6950
NCF_A022_PER202404,2024-04-30,-8920
NCF_A022_PER202405,2024-05-31,-11040
NCF_A022_PER202406,2024-06-30,-25310
NCF_A022_PER202407,2024-07-31,-10040
NCF_A023_PER202308,2023-08-31,-2200
NCF_A023_PER202309,2023-09-30,-4850
NCF_A023_PER202310,2023-10-31,11630
NCF_A023_PER202311,2023-11-30,21480
NCF_A023_PER202312,2023-12-31,-5110
NCF_A023_PER202401,2024-01-31,-3580
NCF_A023_PER202402,2024-02-29,4450
NCF_A023_PER202403,2024-03-31,2890
NCF_A023_PER202404,2024-04-30,10970
NCF_A023_PER202405,2024-05-31,12420
NCF_A023_PER202406,2024-06-30,5650
NCF_A023_PER202407,2024-07-31,-8870
NCF_A024_PER202308,2023-08-31,10010
NCF_A024_PER202309,2023-09-30,17980
NCF_A024_PER202310,2023-10-31,23500
NCF_A024_PER202311,2023-11-30,36990
NCF_A024_PER202312,2023-12-31,7730
NCF_A024_PER202401,2024-01-31,13870
NCF_A024_PER202402,2024-02-29,19920
NCF_A024_PER202403,2024-03-31,1690
NCF_A024_PER202404,2024-04-30,26260
NCF_A024_PER202405,2024-05-31,23280
NCF_A024_PER202406,2024-06-30,30380
NCF_A024_PER202407,2024-07-31,32090
NCF_A025_PER202308,2023-08-31,29620
NCF_A025_PER202309,2023-09-30,35290
NCF_A025_PER202310,2023-10-31,37260
NCF_A025_PER202311,2023-11-30,54530
NCF_A025_PER202312,2023-12-31,20400
NCF_A025_PER202401,2024-01-31,28650
NCF_A025_PER202402,2024-02-29,59250
NCF_A025_PER202403,2024-03-31,41840
NCF_A025_PER202404,2024-04-30,36380
NCF_A025_PER202405,2024-05-31,18230
NCF_A025_PER202406,2024-06-30,50630
NCF_A025_PER202407,2024-07-31,22860
NCF_A026_PER202308,2023-08-31,62900
NCF_A026_PER202309,2023-09-30,29170
NCF_A026_PER202310,2023-10-31,62590
NCF_A026_PER202311,2023-11-30,47440
NCF_A026_PER202312,2023-12-31,52920
NCF_A026_PER202401,2024-01-31,39800
NCF_A026_PER202402,2024-02-29,30160
NCF_A026_PER202403,2024-03-31,64370
NCF_A026_PER202404,2024-04-30,53420
NCF_A026_PER202405,2024-05-31,58470
NCF_A026_PER202406,2024-06-30,32730
NCF_A026_PER202407,2024-07-31,53510
NCF_A027_PER202308,2023-08-31,47560
NCF_A027_PER202309,2023-09-30,80110
NCF_A027_PER202310,2023-10-31,56820
NCF_A027_PER202311,2023-11-30,41950
NCF_A027_PER202312,2023-12-31,50600
NCF_A027_PER202401,2024-01-31,70040
NCF_A027_PER202402,2024-02-29,55530
NCF_A027_PER202403,2024-03-31,39910
NCF_A027_PER202404,2024-04-30,73230
NCF_A027_PER202405,2024-05-31,73950
NCF_A027_PER202406,2024-06-30,64820
NCF_A027_PER202407,2024-07-31,91350
NCF_A028_PER202308,2023-08-31,-26700
NCF_A028_PER202309,2023-09-30,-25150
NCF_A028_PER202310,2023-10-31,-26910
NCF_A028_PER202311,2023-11-30,-14970
NCF_A028_PER202312,2023-12-31,-14610
NCF_A028_PER202401,2024-01-31,-13900
NCF_A028_PER202402,2024-02-29,-9470
NCF_A028_PER202403,2024-03-31,-46780
NCF_A028_PER202404,2024-04-30,-30120
NCF_A028_PER202405,2024-05-31,-34050
NCF_A028_PER202406,2024-06-30,-9240
NCF_A028_PER202407,2024-07-31,-19980
NCF_A029_PER202308,2023-08-31,-3420
NCF_A029_PER202309,2023-09-30,3750
NCF_A029_PER202310,2023-10-31,-24060
NCF_A029_PER202311,2023-11-30,-2570
NCF_A029_PER202312,2023-12-31,8660
NCF_A029_PER202401,2024-01-31,-27970
NCF_A029_PER202402,2024-02-29,550
NCF_A029_PER202403,2024-03-31,-11270
NCF_A029_PER202404,2024-04-30,500
NCF_A029_PER202405,2024-05-31,9320
NCF_A029_PER202406,2024-06-30,-18510
NCF_A029_PER202407,2024-07-31,-22040
NCF_A030_PER202308,2023-08-31,18710
NCF_A030_PER202309,2023-09-30,-6300
NCF_A030_PER202310,2023-10-31,23530
NCF_A030_PER202311,2023-11-30,12850
NCF_A030_PER202312,2023-12-31,5430
NCF_A030_PER202401,2024-01-31,-2060
NCF_A030_PER202402,2024-02-29,8610
NCF_A030_PER202403,2024-03-31,13090
NCF_A030_PER202404,2024-04-30,-15780
NCF_A030_PER202405,2024-05-31,5630
NCF_A030_PER202406,2024-06-30,20950
NCF_A030_PER202407,2024-07-31,-720
NCF_A031_PER202308,2023-08-31,40910
NCF_A031_PER202309,2023-09-30,10330
NCF_A031_PER202310,2023-10-31,39660
NCF_A031_PER202311,2023-11-30,3020
NCF_A031_PER202312,2023-12-31,10530
NCF_A031_PER202401,2024-01-31,26740
NCF_A031_PER202402,2024-02-29,27980
NCF_A031_PER202403,2024-03-31,12940
NCF_A031_PER202404,2024-04-30,31420
NCF_A031_PER202405,2024-05-31,18380
NCF_A031_PER202406,2024-06-30,1690
NCF_A031_PER202407,2024-07-31,13390
NCF_A032_PER202308,2023-08-31,37310
NCF_A032_PER202309,2023-09-30,27120
NCF_A032_PER202310,2023-10-31,16320
NCF_A032_PER202311,2023-11-30,37910
NCF_A032_PER202312,2023-12-31,32090
NCF_A032_PER202401,2024-01-31,54010
NCF_A032_PER202402,2024-02-29,22490
NCF_A032_PER202403,2024-03-31,51640
NCF_A032_PER202404,2024-04-30,34650
NCF_A032_PER202405,2024-05-31,39880
NCF_A032_PER202406,2024-06-30,41770
NCF_A032_PER202407,2024-07-31,14080
NCF_A033_PER202308,2023-08-31,58180
NCF_A033_PER202309,2023-09-30,75280
NCF_A033_PER202310,2023-10-31,48230
NCF_A033_PER202311,2023-11-30,62860
NCF_A033_PER202312,2023-12-31,50560
NCF_A033_PER202401,2024-01-31,77460
NCF_A033_PER202402,2024-02-29,64670
NCF_A033_PER202403,2024-03-31,74610
NCF_A033_PER202404,2024-04-30,55500
NCF_A033_PER202405,2024-05-31,49580
NCF_A033_PER202406,2024-06-30,59510
NCF_A033_PER202407,2024-07-31,63110
NCF_A034_PER202308,2023-08-31,42920
NCF_A034_PER202309,2023-09-30,46790
NCF_A034_PER202310,2023-10-31,74030
NCF_A034_PER202311,2023-11-30,65980
NCF_A034_PER202312,2023-12-31,53080
NCF_A034_PER202401,2024-01-31,57500
NCF_A034_PER202402,2024-02-29,84280
NCF_A034_PER202403,2024-03-31,61030
NCF_A034_PER202404,2024-04-30,80840
NCF_A034_PER202405,2024-05-31,65660
NCF_A034_PER202406,2024-06-30,85390
NCF_A034_PER202407,2024-07-31,46600
NCF_A035_PER202308,2023-08-31,-41310
NCF_A035_PER202309,2023-09-30,-41290
NCF_A035_PER202310,2023-10-31,-32200
NCF_A035_PER202311,2023-11-30,-14380
NCF_A035_PER202312,2023-12-31,-32520
NCF_A035_PER202401,2024-01-31,-19820
NCF_A035_PER202402,2024-02-29,-18080
NCF_A035_PER202403,2024-03-31,-21300
NCF_A035_PER202404,2024-04-30,-8050
NCF_A035_PER202405,2024-05-31,-7670
NCF_A035_PER202406,2024-06-30,-26500
NCF_A035_PER202407,2024-07-31,-27950
NCF_A036_PER202308,2023-08-31,-22840
NCF_A036_PER202309,2023-09-30,-1320
NCF_A036_PER202310,2023-10-31,-9930
NCF_A036_PER202311,2023-11-30,3420
NCF_A036_PER202312,2023-12-31,-30610
NCF_A036_PER202401,2024-01-31,-5810
NCF_A036_PER202402,2024-02-29,5480
NCF_A036_PER202403,2024-03-31,-20900
NCF_A036_PER202404,2024-04-30,580
NCF_A036_PER202405,2024-05-31,13480
NCF_A036_PER202406,2024-06-30,9180
NCF_A036_PER202407,2024-07-31,6350
NCF_A037_PER202308,2023-08-31,3300
NCF_A037_PER202309,2023-09-30,21990
NCF_A037_PER202310,2023-10-31,-12780
NCF_A037_PER202311,2023-11-30,11400
NCF_A037_PER202312,2023-12-31,-2370
NCF_A037_PER202401,2024-01-31,7040
NCF_A037_PER202402,2024-02-29,-8050
NCF_A037_PER202403,2024-03-31,-15650
NCF_A037_PER202404,2024-04-30,-670
NCF_A037_PER202405,2024-05-31,13250
NCF_A037_PER202406,2024-06-30,-12230
NCF_A037_PER202407,2024-07-31,2590
NCF_A038_PER202308,2023-08-31,30740
NCF_A038_PER202309,2023-09-30,37540
NCF_A038_PER202310,2023-10-31,37500
NCF_A038_PER202311,2023-11-30,34440
NCF_A038_PER202312,2023-12-31,14090
NCF_A038_PER202401,2024-01-31,12660
NCF_A038_PER202402,2024-02-29,8200
NCF_A038_PER202403,2024-03-31,9500
NCF_A038_PER202404,2024-04-30,0
NCF_A038_PER202405,2024-05-31,0
NCF_A038_PER202406,2024-06-30,22290
NCF_A038_PER202407,2024-07-31,24080
NCF_A039_PER202308,2023-08-31,43540
NCF_A039_PER202309,2023-09-30,26110
NCF_A039_PER202310,2023-10-31,22720
NCF_A039_PER202311,2023-11-30,33150
NCF_A039_PER202312,2023-12-31,18070
NCF_A039_PER202401,2024-01-31,41720
NCF_A039_PER202402,2024-02-29,32620
NCF_A039_PER202403,2024-03-31,41460
NCF_A039_PER202404,2024-04-30,41870
NCF_A039_PER202405,2024-05-31,48800
NCF_A039_PER202406,2024-06-30,32850
NCF_A039_PER202407,2024-07-31,18390
NCF_A040_PER202308,2023-08-31,39200
NCF_A040_PER202309,2023-09-30,63770
NCF_A040_PER202310,2023-10-31,59450
NCF_A040_PER202311,2023-11-30,46970
NCF_A040_PER202312,2023-12-31,40270
NCF_A040_PER202401,2024-01-31,57580
NCF_A040_PER202402,2024-02-29,47980
NCF_A040_PER202403,2024-03-31,47500
NCF_A040_PER202404,2024-04-30,70200
NCF_A040_PER202405,2024-05-31,30450
NCF_A040_PER202406,2024-06-30,44330
NCF_A040_PER202407,2024-07-31,35070
NCF_A041_PER202308,2023-08-31,57450
NCF_A041_PER202309,2023-09-30,74440
NCF_A041_PER202310,2023-10-31,62000
NCF_A041_PER202311,2023-11-30,38720
NCF_A041_PER202312,2023-12-31,99500
NCF_A041_PER202401,2024-01-31,82430
NCF_A041_PER202402,2024-02-29,70070
NCF_A041_PER202403,2024-03-31,41580
NCF_A041_PER202404,2024-04-30,58960
NCF_A041_PER202405,2024-05-31,96390
NCF_A041_PER202406,2024-06-30,64480
NCF_A041_PER202407,2024-07-31,55430
NCF_A042_PER202308,2023-08-31,-39190
NCF_A042_PER202309,2023-09-30,-19520
NCF_A042_PER202310,2023-10-31,-28500
NCF_A042_PER202311,2023-11-30,-39890
NCF_A042_PER202312,2023-12-31,-10620
NCF_A042_PER202401,2024-01-31,-20090
NCF_A042_PER202402,2024-02-29,-6170
NCF_A042_PER202403,2024-03-31,-3670
NCF_A042_PER202404,2024-04-30,-16230
NCF_A042_PER202405,2024-05-31,-5310
NCF_A042_PER202406,2024-06-30,-15250
NCF_A042_PER202407,2024-07-31,-21070
NCF_A043_PER202308,2023-08-31,-960
NCF_A043_PER202309,2023-09-30,-7130
NCF_A043_PER202310,2023-10-31,-18280
NCF_A043_PER202311,2023-11-30,-10930
NCF_A043_PER202312,2023-12-31,-4540
NCF_A043_PER202401,2024-01-31,-10080
NCF_A043_PER202402,2024-02-29,-3580
NCF_A043_PER202403,2024-03-31,-28230
NCF_A043_PER202404,2024-04-30,-30450
NCF_A043_PER202405,2024-05-31,-3170
NCF_A043_PER202406,2024-06-30,710
NCF_A043_PER202407,2024-07-31,-32300
NCF_A044_PER202308,2023-08-31,29580
NCF_A044_PER202309,2023-09-30,-2350
NCF_A044_PER202310,2023-10-31,-11960
NCF_A044_PER202311,2023-11-30,-13080
NCF_A044_PER202312,2023-12-31,12730
NCF_A044_PER202401,2024-01-31,21580
NCF_A044_PER202402,2024-02-29,17820
NCF_A044_PER202403,2024-03-31,-4420
NCF_A044_PER202404,2024-04-30,-5420
NCF_A044_PER202405,2024-05-31,-10550
NCF_A044_PER202406,2024-06-30,6310
NCF_A044_PER202407,2024-07-31,-13460
NCF_A045_PER202308,2023-08-31,6570
NCF_A045_PER202309,2023-09-30,21110
NCF_A045_PER202310,2023-10-31,8210
NCF_A045_PER202311,2023-11-30,16150
NCF_A045_PER202312,2023-12-31,19040
NCF_A045_PER202401,2024-01-31,3290
NCF_A045_PER202402,2024-02-29,27560
NCF_A045_PER202403,2024-03-31,3330
NCF_A045_PER202404,2024-04-30,21370
NCF_A045_PER202405,2024-05-31,8390
NCF_A045_PER202406,2024-06-30,36720
NCF_A045_PER202407,2024-07-31,32750
NCF_A046_PER202308,2023-08-31,36050
NCF_A046_PER202309,2023-09-30,12340
NCF_A046_PER202310,2023-10-31,25170
NCF_A046_PER202311,2023-11-30,17160
NCF_A046_PER202312,2023-12-31,28230
NCF_A046_PER202401,2024-01-31,44960
NCF_A046_PER202402,2024-02-29,18970
NCF_A046_PER202403,2024-03-31,16940
NCF_A046_PER202404,2024-04-30,17900
NCF_A046_PER202405,2024-05-31,33030
NCF_A046_PER202406,2024-06-30,40510
NCF_A046_PER202407,2024-07-31,57050
NCF_A047_PER202308,2023-08-31,50150
NCF_A047_PER202309,2023-09-30,48880
NCF_A047_PER202310,2023-10-31,60250
NCF_A047_PER202311,2023-11-30,46810
NCF_A047_PER202312,2023-12-31,53470
NCF_A047_PER202401,2024-01-31,43750
NCF_A047_PER202402,2024-02-29,41560
NCF_A047_PER202403,2024-03-31,64190
NCF_A047_PER202404,2024-04-30,30990
NCF_A047_PER202405,2024-05-31,55730
NCF_A047_PER202406,2024-06-30,28470
NCF_A047_PER202407,2024-07-31,69050
NCF_A048_PER202308,2023-08-31,54250
NCF_A048_PER202309,2023-09-30,64300
NCF_A048_PER202310,2023-10-31,80370
NCF_A048_PER202311,2023-11-30,90070
NCF_A048_PER202312,2023-12-31,81900
NCF_A048_PER202401,2024-01-31,85080
NCF_A048_PER202402,2024-02-29,82470
NCF_A048_PER202403,2024-03-31,76160
NCF_A048_PER202404,2024-04-30,68600
NCF_A048_PER202405,2024-05-31,68150
NCF_A048_PER202406,2024-06-30,77620
NCF_A048_PER202407,2024-07-31,69250
NCF_A049_PER202308,2023-08-31,-40470
NCF_A049_PER202309,2023-09-30,-3180
NCF_A049_PER202310,2023-10-31,-36480
NCF_A049_PER202311,2023-11-30,-30470
NCF_A049_PER202312,2023-12-31,-13310
NCF_A049_PER202401,2024-01-31,-25070
NCF_A049_PER202402,2024-02-29,-11930
NCF_A049_PER202403,2024-03-31,-20780
NCF_A049_PER202404,2024-04-30,-15960
NCF_A049_PER202405,2024-05-31,-15460
NCF_A049_PER202406,2024-06-30,-32470
NCF_A049_PER202407,2024-07-31,-46720
NCF_A050_PER202308,2023-08-31,-35220
NCF_A050_PER202309,2023-09-30,-20740
NCF_A050_PER202310,2023-10-31,-23350
NCF_A050_PER202311,2023-11-30,-23820
NCF_A050_PER202312,2023-12-31,-5380
NCF_A050_PER202401,2024-01-31,13260
NCF_A050_PER202402,2024-02-29,-8640
NCF_A050_PER202403,2024-03-31,-22900
NCF_A050_PER202404,2024-04-30,-15610
NCF_A050_PER202405,2024-05-31,-11090
NCF_A050_PER202406,2024-06-30,4930
NCF_A050_PER202407,2024-07-31,-3960
NCF_A051_PER202308,2023-08-31,-16420
NCF_A051_PER202309,2023-09-30,-11390
NCF_A051_PER202310,2023-10-31,-28370
NCF_A051_PER202311,2023-11-30,-23830
NCF_A051_PER202312,2023-12-31,-16460
NCF_A051_PER202401,2024-01-31,-6330
NCF_A051_PER202402,2024-02-29,-2010
NCF_A051_PER202403,2024-03-31,2040
NCF_A051_PER202404,2024-04-30,-2060
NCF_A051_PER202405,2024-05-31,-4210
NCF_A051_PER202406,2024-06-30,-28520
NCF_A051_PER202407,2024-07-31,4210
NCF_A052_PER202308,2023-08-31,24350
NCF_A052_PER202309,2023-09-30,2510
NCF_A052_PER202310,2023-10-31,7880
NCF_A052_PER202311,2023-11-30,-12740
NCF_A052_PER202312,2023-12-31,15470
NCF_A052_PER202401,2024-01-31,-5530
NCF_A052_PER202402,2024-02-29,17940
NCF_A052_PER202403,2024-03-31,-5990
NCF_A052_PER202404,2024-04-30,7050
NCF_A052_PER202405,2024-05-31,10980
NCF_A052_PER202406,2024-06-30,6040
NCF_A052_PER202407,2024-07-31,15260
NCF_A053_PER202308,2023-08-31,3270
NCF_A053_PER202309,2023-09-30,26440
NCF_A053_PER202310,2023-10-31,22310
NCF_A053_PER202311,2023-11-30,49220
NCF_A053_PER202312,2023-12-31,31540
NCF_A053_PER202401,2024-01-31,29710
NCF_A053_PER202402,2024-02-29,35000
NCF_A053_PER202403,2024-03-31,36820
NCF_A053_PER202404,2024-04-30,29520
NCF_A053_PER202405,2024-05-31,25030
NCF_A053_PER202406,2024-06-30,41300
NCF_A053_PER202407,2024-07-31,27900
NCF_A054_PER202308,2023-08-31,38440
NCF_A054_PER202309,2023-09-30,28880
NCF_A054_PER202310,2023-10-31,29340
NCF_A054_PER202311,2023-11-30,53440
NCF_A054_PER202312,2023-12-31,64370
NCF_A054_PER202401,2024-01-31,65870
NCF_A054_PER202402,2024-02-29,45090
NCF_A054_PER202403,2024-03-31,16230
NCF_A054_PER202404,2024-04-30,43690
NCF_A054_PER202405,2024-05-31,31370
NCF_A054_PER202406,2024-06-30,32630
NCF_A054_PER202407,2024-07-31,22830
NCF_A055_PER202308,2023-08-31,45660
NCF_A055_PER202309,2023-09-30,41710
NCF_A055_PER202310,2023-10-31,53970
NCF_A055_PER202311,2023-11-30,48430
NCF_A055_PER202312,2023-12-31,35720
NCF_A055_PER202401,2024-01-31,63220
NCF_A055_PER202402,2024-02-29,37500
NCF_A055_PER202403,2024-03-31,30640
NCF_A055_PER202404,2024-04-30,82490
NCF_A055_PER202405,2024-05-31,47410
NCF_A055_PER202406,2024-06-30,54840
NCF_A055_PER202407,2024-07-31,56600
NCF_A056_PER202308,2023-08-31,-37240
NCF_A056_PER202309,2023-09-30,-25560
NCF_A056_PER202310,2023-10-31,-36370
NCF_A056_PER202311,2023-11-30,-35660
NCF_A056_PER202312,2023-12-31,-22410
NCF_A056_PER202401,2024-01-31,-23880
NCF_A056_PER202402,2024-02-29,-20820
NCF_A056_PER202403,2024-03-31,-37250
NCF_A056_PER202404,2024-04-30,-18610
NCF_A056_PER202405,2024-05-31,-41380
NCF_A056_PER202406,2024-06-30,-27070
NCF_A056_PER202407,2024-07-31,-44970
NCF_A057_PER202308,2023-08-31,-33210
NCF_A057_PER202309,2023-09-30,-16350
NCF_A057_PER202310,2023-10-31,-32800
NCF_A057_PER202311,2023-11-30,-12100
NCF_A057_PER202312,2023-12-31,-2770
NCF_A057_PER202401,2024-01-31,-10340
NCF_A057_PER202402,2024-02-29,-1940
NCF_A057_PER202403,2024-03-31,-8310
NCF_A057_PER202404,2024-04-30,-600
NCF_A057_PER202405,2024-05-31,-6480
NCF_A057_PER202406,2024-06-30,-19610
NCF_A057_PER202407,2024-07-31,-22200
NCF_A058_PER202308,2023-08-31,-9050
NCF_A058_PER202309,2023-09-30,-18710
NCF_A058_PER202310,2023-10-31,1550
NCF_A058_PER202311,2023-11-30,-7340
NCF_A058_PER202312,2023-12-31,4940
NCF_A058_PER202401,2024-01-31,6200
NCF_A058_PER202402,2024-02-29,-21970
NCF_A058_PER202403,2024-03-31,-20330
NCF_A058_PER202404,2024-04-30,14220
NCF_A058_PER202405,2024-05-31,-21160
NCF_A058_PER202406,2024-06-30,0
NCF_A058_PER202407,2024-07-31,-7440
NCF_A059_PER202308,2023-08-31,24130
NCF_A059_PER202309,2023-09-30,22070
NCF_A059_PER202310,2023-10-31,-5610
NCF_A059_PER202311,2023-11-30,26360
NCF_A059_PER202312,2023-12-31,5390
NCF_A059_PER202401,2024-01-31,30520
NCF_A059_PER202402,2024-02-29,25310
NCF_A059_PER202403,2024-03-31,10060
NCF_A059_PER202404,2024-04-30,20520
NCF_A059_PER202405,2024-05-31,700
NCF_A059_PER202406,2024-06-30,-2410
NCF_A059_PER202407,2024-07-31,2260
NCF_A060_PER202308,2023-08-31,49690
NCF_A060_PER202309,2023-09-30,9030
NCF_A060_PER202310,2023-10-31,35230
NCF_A060_PER202311,2023-11-30,15530
NCF_A060_PER202312,2023-12-31,24250
NCF_A060_PER202401,2024-01-31,45020
NCF_A060_PER202402,2024-02-29,29120
NCF_A060_PER202403,2024-03-31,4540
NCF_A060_PER202404,2024-04-30,30830
NCF_A060_PER202405,2024-05-31,28200
NCF_A060_PER202406,2024-06-30,17700
NCF_A060_PER202407,2024-07-31,12080
